"LOCATION","INDICATOR","SUBJECT","MEASURE","FREQUENCY","TIME","Value","Flag Codes"
"AUS","TRADEGOODSERV","EXP","PC_GDP","A","1993",18.0053117827537,
"AUS","TRADEGOODSERV","EXP","PC_GDP","A","1994",17.9168848710084,
"AUS","TRADEGOODSERV","EXP","PC_GDP","A","1995",18.9391943502546,
"AUS","TRADEGOODSERV","EXP","PC_GDP","A","1996",19.1748110450196,
"AUS","TRADEGOODSERV","EXP","PC_GDP","A","1997",19.5955769201339,
"AUS","TRADEGOODSERV","EXP","PC_GDP","A","1998",18.3438927598724,
"AUS","TRADEGOODSERV","EXP","PC_GDP","A","1999",19.4346594389549,
"AUS","TRADEGOODSERV","EXP","PC_GDP","A","2000",22.2257207126709,
"AUS","TRADEGOODSERV","EXP","PC_GDP","A","2001",20.77459420115,
"AUS","TRADEGOODSERV","EXP","PC_GDP","A","2002",19.0950858969237,
"AUS","TRADEGOODSERV","EXP","PC_GDP","A","2003",17.2032857977397,
"AUS","TRADEGOODSERV","EXP","PC_GDP","A","2004",18.2651015697588,
"AUS","TRADEGOODSERV","EXP","PC_GDP","A","2005",19.8939212990376,
"AUS","TRADEGOODSERV","EXP","PC_GDP","A","2006",20.2036088949588,
"AUS","TRADEGOODSERV","EXP","PC_GDP","A","2007",20.1616732338809,
"AUS","TRADEGOODSERV","EXP","PC_GDP","A","2008",23.0048129381936,
"AUS","TRADEGOODSERV","EXP","PC_GDP","A","2009",19.810007754315,
"AUS","TRADEGOODSERV","EXP","PC_GDP","A","2010",21.4364170540906,
"AUS","TRADEGOODSERV","EXP","PC_GDP","A","2011",21.4808284059974,
"AUS","TRADEGOODSERV","EXP","PC_GDP","A","2012",19.9561676149363,
"AUS","TRADEGOODSERV","EXP","PC_GDP","A","2013",21.0394549992806,
"AUS","TRADEGOODSERV","EXP","PC_GDP","A","2014",19.984845509759,
"AUS","TRADEGOODSERV","EXP","PC_GDP","A","2015",19.2510570754507,
"AUS","TRADEGOODSERV","EXP","PC_GDP","A","2016",21.1932001494647,
"AUT","TRADEGOODSERV","EXP","PC_GDP","A","1993",31.4638980456583,"E"
"AUT","TRADEGOODSERV","EXP","PC_GDP","A","1994",32.1585338842986,"E"
"AUT","TRADEGOODSERV","EXP","PC_GDP","A","1995",33.5331403455378,
"AUT","TRADEGOODSERV","EXP","PC_GDP","A","1996",34.2492761073574,
"AUT","TRADEGOODSERV","EXP","PC_GDP","A","1997",37.0280827384957,
"AUT","TRADEGOODSERV","EXP","PC_GDP","A","1998",38.351021186462,
"AUT","TRADEGOODSERV","EXP","PC_GDP","A","1999",39.3570378852981,
"AUT","TRADEGOODSERV","EXP","PC_GDP","A","2000",43.3462739519887,
"AUT","TRADEGOODSERV","EXP","PC_GDP","A","2001",44.6175555179483,
"AUT","TRADEGOODSERV","EXP","PC_GDP","A","2002",45.31938619858,
"AUT","TRADEGOODSERV","EXP","PC_GDP","A","2003",44.57041471914,
"AUT","TRADEGOODSERV","EXP","PC_GDP","A","2004",46.8672149740213,
"AUT","TRADEGOODSERV","EXP","PC_GDP","A","2005",48.6197522046932,
"AUT","TRADEGOODSERV","EXP","PC_GDP","A","2006",50.8416688618235,
"AUT","TRADEGOODSERV","EXP","PC_GDP","A","2007",52.560869422371,
"AUT","TRADEGOODSERV","EXP","PC_GDP","A","2008",53.2488606164087,
"AUT","TRADEGOODSERV","EXP","PC_GDP","A","2009",45.2074165608437,
"AUT","TRADEGOODSERV","EXP","PC_GDP","A","2010",51.2621603273359,
"AUT","TRADEGOODSERV","EXP","PC_GDP","A","2011",53.9486708516394,
"AUT","TRADEGOODSERV","EXP","PC_GDP","A","2012",53.9736761965302,
"AUT","TRADEGOODSERV","EXP","PC_GDP","A","2013",53.4412932967224,
"AUT","TRADEGOODSERV","EXP","PC_GDP","A","2014",53.3865790462424,
"AUT","TRADEGOODSERV","EXP","PC_GDP","A","2015",53.0890605587958,
"AUT","TRADEGOODSERV","EXP","PC_GDP","A","2016",52.4063936498056,
"BEL","TRADEGOODSERV","EXP","PC_GDP","A","1993",56.1077412693147,"E"
"BEL","TRADEGOODSERV","EXP","PC_GDP","A","1994",58.4249590545518,"E"
"BEL","TRADEGOODSERV","EXP","PC_GDP","A","1995",60.1143717180605,
"BEL","TRADEGOODSERV","EXP","PC_GDP","A","1996",61.1923909558718,
"BEL","TRADEGOODSERV","EXP","PC_GDP","A","1997",64.7865810804479,
"BEL","TRADEGOODSERV","EXP","PC_GDP","A","1998",64.1743450154283,
"BEL","TRADEGOODSERV","EXP","PC_GDP","A","1999",64.5630595160862,
"BEL","TRADEGOODSERV","EXP","PC_GDP","A","2000",72.5473951580567,
"BEL","TRADEGOODSERV","EXP","PC_GDP","A","2001",71.6119589202939,
"BEL","TRADEGOODSERV","EXP","PC_GDP","A","2002",70.8312976956765,
"BEL","TRADEGOODSERV","EXP","PC_GDP","A","2003",69.0365085088844,
"BEL","TRADEGOODSERV","EXP","PC_GDP","A","2004",70.906277447218,
"BEL","TRADEGOODSERV","EXP","PC_GDP","A","2005",74.2828289213953,
"BEL","TRADEGOODSERV","EXP","PC_GDP","A","2006",76.8049970552189,
"BEL","TRADEGOODSERV","EXP","PC_GDP","A","2007",78.3018047028263,
"BEL","TRADEGOODSERV","EXP","PC_GDP","A","2008",80.8806199752035,
"BEL","TRADEGOODSERV","EXP","PC_GDP","A","2009",68.8340037082276,
"BEL","TRADEGOODSERV","EXP","PC_GDP","A","2010",75.8500644792464,
"BEL","TRADEGOODSERV","EXP","PC_GDP","A","2011",80.6973629124622,
"BEL","TRADEGOODSERV","EXP","PC_GDP","A","2012",80.4044905064987,
"BEL","TRADEGOODSERV","EXP","PC_GDP","A","2013",79.3243484015476,
"BEL","TRADEGOODSERV","EXP","PC_GDP","A","2014",79.801009073623,
"BEL","TRADEGOODSERV","EXP","PC_GDP","A","2015",77.8052821516798,
"BEL","TRADEGOODSERV","EXP","PC_GDP","A","2016",79.4296154739536,
"CAN","TRADEGOODSERV","EXP","PC_GDP","A","1993",29.1425993625483,
"CAN","TRADEGOODSERV","EXP","PC_GDP","A","1994",32.781588237968,
"CAN","TRADEGOODSERV","EXP","PC_GDP","A","1995",36.0980542819385,
"CAN","TRADEGOODSERV","EXP","PC_GDP","A","1996",37.0984399314286,
"CAN","TRADEGOODSERV","EXP","PC_GDP","A","1997",38.1316667512013,
"CAN","TRADEGOODSERV","EXP","PC_GDP","A","1998",40.0287917256748,
"CAN","TRADEGOODSERV","EXP","PC_GDP","A","1999",41.8607696787565,
"CAN","TRADEGOODSERV","EXP","PC_GDP","A","2000",44.2089160641586,
"CAN","TRADEGOODSERV","EXP","PC_GDP","A","2001",42.0396612447064,
"CAN","TRADEGOODSERV","EXP","PC_GDP","A","2002",40.0584236831215,
"CAN","TRADEGOODSERV","EXP","PC_GDP","A","2003",36.8658382925004,
"CAN","TRADEGOODSERV","EXP","PC_GDP","A","2004",37.3275756870208,
"CAN","TRADEGOODSERV","EXP","PC_GDP","A","2005",36.8562665747508,
"CAN","TRADEGOODSERV","EXP","PC_GDP","A","2006",35.4017495610061,
"CAN","TRADEGOODSERV","EXP","PC_GDP","A","2007",34.2295334675827,
"CAN","TRADEGOODSERV","EXP","PC_GDP","A","2008",34.3949847951861,
"CAN","TRADEGOODSERV","EXP","PC_GDP","A","2009",28.5158343165743,
"CAN","TRADEGOODSERV","EXP","PC_GDP","A","2010",29.1673469191764,
"CAN","TRADEGOODSERV","EXP","PC_GDP","A","2011",30.6783919173107,
"CAN","TRADEGOODSERV","EXP","PC_GDP","A","2012",30.3530919696301,
"CAN","TRADEGOODSERV","EXP","PC_GDP","A","2013",30.3319705590283,
"CAN","TRADEGOODSERV","EXP","PC_GDP","A","2014",31.7365599644694,
"CAN","TRADEGOODSERV","EXP","PC_GDP","A","2015",31.8499769649038,
"CAN","TRADEGOODSERV","EXP","PC_GDP","A","2016",31.5025413039024,
"CZE","TRADEGOODSERV","EXP","PC_GDP","A","1993",39.9380170098781,"E"
"CZE","TRADEGOODSERV","EXP","PC_GDP","A","1994",37.0975538750096,"E"
"CZE","TRADEGOODSERV","EXP","PC_GDP","A","1995",40.2107114801298,
"CZE","TRADEGOODSERV","EXP","PC_GDP","A","1996",38.1331744344009,
"CZE","TRADEGOODSERV","EXP","PC_GDP","A","1997",40.2495352669475,
"CZE","TRADEGOODSERV","EXP","PC_GDP","A","1998",42.0515119928184,
"CZE","TRADEGOODSERV","EXP","PC_GDP","A","1999",42.7603315249161,
"CZE","TRADEGOODSERV","EXP","PC_GDP","A","2000",48.0909898172434,
"CZE","TRADEGOODSERV","EXP","PC_GDP","A","2001",48.8565118571175,
"CZE","TRADEGOODSERV","EXP","PC_GDP","A","2002",45.0041286043534,
"CZE","TRADEGOODSERV","EXP","PC_GDP","A","2003",46.728047793977,
"CZE","TRADEGOODSERV","EXP","PC_GDP","A","2004",57.0578398918942,
"CZE","TRADEGOODSERV","EXP","PC_GDP","A","2005",61.813226864735,
"CZE","TRADEGOODSERV","EXP","PC_GDP","A","2006",64.875423442478,
"CZE","TRADEGOODSERV","EXP","PC_GDP","A","2007",66.1007691863238,
"CZE","TRADEGOODSERV","EXP","PC_GDP","A","2008",62.9516480907081,
"CZE","TRADEGOODSERV","EXP","PC_GDP","A","2009",58.3454298084121,
"CZE","TRADEGOODSERV","EXP","PC_GDP","A","2010",65.5430054071382,
"CZE","TRADEGOODSERV","EXP","PC_GDP","A","2011",70.8218671927368,
"CZE","TRADEGOODSERV","EXP","PC_GDP","A","2012",75.6461865650325,
"CZE","TRADEGOODSERV","EXP","PC_GDP","A","2013",76.0583816157677,
"CZE","TRADEGOODSERV","EXP","PC_GDP","A","2014",81.9542745743788,
"CZE","TRADEGOODSERV","EXP","PC_GDP","A","2015",80.5587781149995,
"CZE","TRADEGOODSERV","EXP","PC_GDP","A","2016",79.1070766309635,
"DNK","TRADEGOODSERV","EXP","PC_GDP","A","1993",36.5662129713497,
"DNK","TRADEGOODSERV","EXP","PC_GDP","A","1994",36.8518613185549,
"DNK","TRADEGOODSERV","EXP","PC_GDP","A","1995",36.6119570369652,
"DNK","TRADEGOODSERV","EXP","PC_GDP","A","1996",37.0673836258126,
"DNK","TRADEGOODSERV","EXP","PC_GDP","A","1997",37.7628610500949,
"DNK","TRADEGOODSERV","EXP","PC_GDP","A","1998",37.1865605187066,
"DNK","TRADEGOODSERV","EXP","PC_GDP","A","1999",39.3484366798101,
"DNK","TRADEGOODSERV","EXP","PC_GDP","A","2000",44.8472655641397,
"DNK","TRADEGOODSERV","EXP","PC_GDP","A","2001",45.5544939498925,
"DNK","TRADEGOODSERV","EXP","PC_GDP","A","2002",45.7044791859005,
"DNK","TRADEGOODSERV","EXP","PC_GDP","A","2003",43.8384088674947,
"DNK","TRADEGOODSERV","EXP","PC_GDP","A","2004",43.9284349569116,
"DNK","TRADEGOODSERV","EXP","PC_GDP","A","2005",47.452125515225,
"DNK","TRADEGOODSERV","EXP","PC_GDP","A","2006",50.7300470194145,
"DNK","TRADEGOODSERV","EXP","PC_GDP","A","2007",51.4825350512378,
"DNK","TRADEGOODSERV","EXP","PC_GDP","A","2008",54.1757974140397,
"DNK","TRADEGOODSERV","EXP","PC_GDP","A","2009",47.1260734604538,
"DNK","TRADEGOODSERV","EXP","PC_GDP","A","2010",50.5229276395878,
"DNK","TRADEGOODSERV","EXP","PC_GDP","A","2011",53.8201489280677,
"DNK","TRADEGOODSERV","EXP","PC_GDP","A","2012",54.6304940173438,
"DNK","TRADEGOODSERV","EXP","PC_GDP","A","2013",54.8288189867113,
"DNK","TRADEGOODSERV","EXP","PC_GDP","A","2014",54.6131394364014,
"DNK","TRADEGOODSERV","EXP","PC_GDP","A","2015",55.418174402012,
"DNK","TRADEGOODSERV","EXP","PC_GDP","A","2016",53.4259805224841,
"FIN","TRADEGOODSERV","EXP","PC_GDP","A","1993",31.3809679376488,
"FIN","TRADEGOODSERV","EXP","PC_GDP","A","1994",34.0356367563279,
"FIN","TRADEGOODSERV","EXP","PC_GDP","A","1995",35.7649494160265,
"FIN","TRADEGOODSERV","EXP","PC_GDP","A","1996",36.3194655329487,
"FIN","TRADEGOODSERV","EXP","PC_GDP","A","1997",37.7773967348633,
"FIN","TRADEGOODSERV","EXP","PC_GDP","A","1998",37.4387834719525,
"FIN","TRADEGOODSERV","EXP","PC_GDP","A","1999",37.6043997604715,
"FIN","TRADEGOODSERV","EXP","PC_GDP","A","2000",42.0310461588074,
"FIN","TRADEGOODSERV","EXP","PC_GDP","A","2001",39.7640844096579,
"FIN","TRADEGOODSERV","EXP","PC_GDP","A","2002",39.1350026265102,
"FIN","TRADEGOODSERV","EXP","PC_GDP","A","2003",37.3208390170611,
"FIN","TRADEGOODSERV","EXP","PC_GDP","A","2004",38.6153768628983,
"FIN","TRADEGOODSERV","EXP","PC_GDP","A","2005",40.2733670538658,
"FIN","TRADEGOODSERV","EXP","PC_GDP","A","2006",43.0742002463895,
"FIN","TRADEGOODSERV","EXP","PC_GDP","A","2007",43.8259066028053,
"FIN","TRADEGOODSERV","EXP","PC_GDP","A","2008",44.9000077214115,
"FIN","TRADEGOODSERV","EXP","PC_GDP","A","2009",36.0809256824047,
"FIN","TRADEGOODSERV","EXP","PC_GDP","A","2010",38.4143975593033,
"FIN","TRADEGOODSERV","EXP","PC_GDP","A","2011",38.900392933262,
"FIN","TRADEGOODSERV","EXP","PC_GDP","A","2012",38.8082790730065,
"FIN","TRADEGOODSERV","EXP","PC_GDP","A","2013",38.0176291228019,
"FIN","TRADEGOODSERV","EXP","PC_GDP","A","2014",36.4814376235518,
"FIN","TRADEGOODSERV","EXP","PC_GDP","A","2015",35.4069588665232,
"FIN","TRADEGOODSERV","EXP","PC_GDP","A","2016",34.8104524683015,
"FRA","TRADEGOODSERV","EXP","PC_GDP","A","1993",20.7925794072246,
"FRA","TRADEGOODSERV","EXP","PC_GDP","A","1994",21.6603227312909,
"FRA","TRADEGOODSERV","EXP","PC_GDP","A","1995",22.6229260600867,
"FRA","TRADEGOODSERV","EXP","PC_GDP","A","1996",23.055564872,
"FRA","TRADEGOODSERV","EXP","PC_GDP","A","1997",25.52319541576,
"FRA","TRADEGOODSERV","EXP","PC_GDP","A","1998",26.1264919786729,
"FRA","TRADEGOODSERV","EXP","PC_GDP","A","1999",26.0765353865349,
"FRA","TRADEGOODSERV","EXP","PC_GDP","A","2000",28.5949742490286,
"FRA","TRADEGOODSERV","EXP","PC_GDP","A","2001",28.2658952021844,
"FRA","TRADEGOODSERV","EXP","PC_GDP","A","2002",27.5310502579308,
"FRA","TRADEGOODSERV","EXP","PC_GDP","A","2003",26.1119689746398,
"FRA","TRADEGOODSERV","EXP","PC_GDP","A","2004",26.4688363216607,
"FRA","TRADEGOODSERV","EXP","PC_GDP","A","2005",27.0330510418171,
"FRA","TRADEGOODSERV","EXP","PC_GDP","A","2006",27.9350550901956,
"FRA","TRADEGOODSERV","EXP","PC_GDP","A","2007",27.853257510199,
"FRA","TRADEGOODSERV","EXP","PC_GDP","A","2008",28.1193848563025,
"FRA","TRADEGOODSERV","EXP","PC_GDP","A","2009",24.8355472102672,
"FRA","TRADEGOODSERV","EXP","PC_GDP","A","2010",26.7882998402738,
"FRA","TRADEGOODSERV","EXP","PC_GDP","A","2011",28.4213374764194,
"FRA","TRADEGOODSERV","EXP","PC_GDP","A","2012",29.2030271868495,
"FRA","TRADEGOODSERV","EXP","PC_GDP","A","2013",29.3647378670492,
"FRA","TRADEGOODSERV","EXP","PC_GDP","A","2014",29.666684498073,
"FRA","TRADEGOODSERV","EXP","PC_GDP","A","2015",30.5926223781313,
"FRA","TRADEGOODSERV","EXP","PC_GDP","A","2016",30.2475371833945,
"DEU","TRADEGOODSERV","EXP","PC_GDP","A","1993",20.3134405930698,
"DEU","TRADEGOODSERV","EXP","PC_GDP","A","1994",21.1107102839496,
"DEU","TRADEGOODSERV","EXP","PC_GDP","A","1995",21.9942362808177,
"DEU","TRADEGOODSERV","EXP","PC_GDP","A","1996",22.8600276884323,
"DEU","TRADEGOODSERV","EXP","PC_GDP","A","1997",25.3602733090279,
"DEU","TRADEGOODSERV","EXP","PC_GDP","A","1998",26.4069062062529,
"DEU","TRADEGOODSERV","EXP","PC_GDP","A","1999",26.9592324276031,
"DEU","TRADEGOODSERV","EXP","PC_GDP","A","2000",30.8477115722895,
"DEU","TRADEGOODSERV","EXP","PC_GDP","A","2001",31.8447071170151,
"DEU","TRADEGOODSERV","EXP","PC_GDP","A","2002",32.5925791130602,
"DEU","TRADEGOODSERV","EXP","PC_GDP","A","2003",32.8117129460067,
"DEU","TRADEGOODSERV","EXP","PC_GDP","A","2004",35.713363859767,
"DEU","TRADEGOODSERV","EXP","PC_GDP","A","2005",38.0595723481521,
"DEU","TRADEGOODSERV","EXP","PC_GDP","A","2006",41.4329079108458,
"DEU","TRADEGOODSERV","EXP","PC_GDP","A","2007",43.3227580964574,
"DEU","TRADEGOODSERV","EXP","PC_GDP","A","2008",43.7991902579629,
"DEU","TRADEGOODSERV","EXP","PC_GDP","A","2009",38.1199069398503,
"DEU","TRADEGOODSERV","EXP","PC_GDP","A","2010",42.565473405085,
"DEU","TRADEGOODSERV","EXP","PC_GDP","A","2011",45.0571362806101,
"DEU","TRADEGOODSERV","EXP","PC_GDP","A","2012",46.3071201430804,
"DEU","TRADEGOODSERV","EXP","PC_GDP","A","2013",45.4186778593914,
"DEU","TRADEGOODSERV","EXP","PC_GDP","A","2014",45.6192633128717,
"DEU","TRADEGOODSERV","EXP","PC_GDP","A","2015",46.920738356608,
"DEU","TRADEGOODSERV","EXP","PC_GDP","A","2016",46.0732628543356,
"GRC","TRADEGOODSERV","EXP","PC_GDP","A","1993",14.0477673749655,"E"
"GRC","TRADEGOODSERV","EXP","PC_GDP","A","1994",14.4456091881338,"E"
"GRC","TRADEGOODSERV","EXP","PC_GDP","A","1995",14.4252835030727,
"GRC","TRADEGOODSERV","EXP","PC_GDP","A","1996",14.286957279983,
"GRC","TRADEGOODSERV","EXP","PC_GDP","A","1997",16.2222652193885,
"GRC","TRADEGOODSERV","EXP","PC_GDP","A","1998",16.296583359567,
"GRC","TRADEGOODSERV","EXP","PC_GDP","A","1999",19.2560788225569,
"GRC","TRADEGOODSERV","EXP","PC_GDP","A","2000",23.7183808808183,
"GRC","TRADEGOODSERV","EXP","PC_GDP","A","2001",22.7887442840936,
"GRC","TRADEGOODSERV","EXP","PC_GDP","A","2002",20.1128544249948,
"GRC","TRADEGOODSERV","EXP","PC_GDP","A","2003",18.5445982951954,
"GRC","TRADEGOODSERV","EXP","PC_GDP","A","2004",20.7081145610347,
"GRC","TRADEGOODSERV","EXP","PC_GDP","A","2005",21.3122304351392,
"GRC","TRADEGOODSERV","EXP","PC_GDP","A","2006",21.1740088082873,
"GRC","TRADEGOODSERV","EXP","PC_GDP","A","2007",22.5202697740031,
"GRC","TRADEGOODSERV","EXP","PC_GDP","A","2008",23.3615691382316,
"GRC","TRADEGOODSERV","EXP","PC_GDP","A","2009",18.982186698613,
"GRC","TRADEGOODSERV","EXP","PC_GDP","A","2010",21.7981020950377,"B"
"GRC","TRADEGOODSERV","EXP","PC_GDP","A","2011",25.4897745254611,
"GRC","TRADEGOODSERV","EXP","PC_GDP","A","2012",28.7413467865456,
"GRC","TRADEGOODSERV","EXP","PC_GDP","A","2013",30.2522664010299,
"GRC","TRADEGOODSERV","EXP","PC_GDP","A","2014",32.4648155951453,
"GRC","TRADEGOODSERV","EXP","PC_GDP","A","2015",32.1743420392428,
"GRC","TRADEGOODSERV","EXP","PC_GDP","A","2016",31.3336484121081,
"HUN","TRADEGOODSERV","EXP","PC_GDP","A","1993",23.1917550537608,"E"
"HUN","TRADEGOODSERV","EXP","PC_GDP","A","1994",25.4007226354478,"E"
"HUN","TRADEGOODSERV","EXP","PC_GDP","A","1995",39.1884804598934,
"HUN","TRADEGOODSERV","EXP","PC_GDP","A","1996",41.8827893497962,
"HUN","TRADEGOODSERV","EXP","PC_GDP","A","1997",47.9054191719791,
"HUN","TRADEGOODSERV","EXP","PC_GDP","A","1998",52.9301860857864,
"HUN","TRADEGOODSERV","EXP","PC_GDP","A","1999",55.6436554579462,
"HUN","TRADEGOODSERV","EXP","PC_GDP","A","2000",66.8578897770738,
"HUN","TRADEGOODSERV","EXP","PC_GDP","A","2001",64.8773208127959,
"HUN","TRADEGOODSERV","EXP","PC_GDP","A","2002",58.1369735753857,
"HUN","TRADEGOODSERV","EXP","PC_GDP","A","2003",56.3331580938058,
"HUN","TRADEGOODSERV","EXP","PC_GDP","A","2004",59.6543880981468,
"HUN","TRADEGOODSERV","EXP","PC_GDP","A","2005",62.6425760409987,
"HUN","TRADEGOODSERV","EXP","PC_GDP","A","2006",73.8689140152455,
"HUN","TRADEGOODSERV","EXP","PC_GDP","A","2007",77.9422800396352,
"HUN","TRADEGOODSERV","EXP","PC_GDP","A","2008",79.2756977025513,
"HUN","TRADEGOODSERV","EXP","PC_GDP","A","2009",74.3996204739661,
"HUN","TRADEGOODSERV","EXP","PC_GDP","A","2010",81.2664451919288,
"HUN","TRADEGOODSERV","EXP","PC_GDP","A","2011",86.1885379299848,
"HUN","TRADEGOODSERV","EXP","PC_GDP","A","2012",86.1058589499374,
"HUN","TRADEGOODSERV","EXP","PC_GDP","A","2013",85.582775300321,
"HUN","TRADEGOODSERV","EXP","PC_GDP","A","2014",87.2898498077923,
"HUN","TRADEGOODSERV","EXP","PC_GDP","A","2015",87.596347206209,
"HUN","TRADEGOODSERV","EXP","PC_GDP","A","2016",86.4984188961274,
"ISL","TRADEGOODSERV","EXP","PC_GDP","A","1993",32.2387444921477,"E"
"ISL","TRADEGOODSERV","EXP","PC_GDP","A","1994",35.1835909364735,"E"
"ISL","TRADEGOODSERV","EXP","PC_GDP","A","1995",34.946497475651,
"ISL","TRADEGOODSERV","EXP","PC_GDP","A","1996",35.7406782625892,
"ISL","TRADEGOODSERV","EXP","PC_GDP","A","1997",35.4811746718561,
"ISL","TRADEGOODSERV","EXP","PC_GDP","A","1998",33.8062123108081,
"ISL","TRADEGOODSERV","EXP","PC_GDP","A","1999",32.4933565605768,
"ISL","TRADEGOODSERV","EXP","PC_GDP","A","2000",32.2044978474779,
"ISL","TRADEGOODSERV","EXP","PC_GDP","A","2001",37.056199875811,
"ISL","TRADEGOODSERV","EXP","PC_GDP","A","2002",35.5319911397984,
"ISL","TRADEGOODSERV","EXP","PC_GDP","A","2003",32.6619957231983,
"ISL","TRADEGOODSERV","EXP","PC_GDP","A","2004",32.3834029756211,
"ISL","TRADEGOODSERV","EXP","PC_GDP","A","2005",30.402135699852,
"ISL","TRADEGOODSERV","EXP","PC_GDP","A","2006",30.8192059043459,
"ISL","TRADEGOODSERV","EXP","PC_GDP","A","2007",33.0216932280826,
"ISL","TRADEGOODSERV","EXP","PC_GDP","A","2008",40.6301816570545,
"ISL","TRADEGOODSERV","EXP","PC_GDP","A","2009",48.6449532904873,
"ISL","TRADEGOODSERV","EXP","PC_GDP","A","2010",51.9842853781797,
"ISL","TRADEGOODSERV","EXP","PC_GDP","A","2011",54.7612585572067,
"ISL","TRADEGOODSERV","EXP","PC_GDP","A","2012",55.0172631920898,
"ISL","TRADEGOODSERV","EXP","PC_GDP","A","2013",53.4930381191841,
"ISL","TRADEGOODSERV","EXP","PC_GDP","A","2014",51.5210396043591,
"ISL","TRADEGOODSERV","EXP","PC_GDP","A","2015",51.8047460759936,
"ISL","TRADEGOODSERV","EXP","PC_GDP","A","2016",47.6373271979479,
"IRL","TRADEGOODSERV","EXP","PC_GDP","A","1993",63.2911909929535,"E"
"IRL","TRADEGOODSERV","EXP","PC_GDP","A","1994",67.8787618552581,"E"
"IRL","TRADEGOODSERV","EXP","PC_GDP","A","1995",73.4320612923403,
"IRL","TRADEGOODSERV","EXP","PC_GDP","A","1996",74.8183487510054,
"IRL","TRADEGOODSERV","EXP","PC_GDP","A","1997",77.1532034430379,
"IRL","TRADEGOODSERV","EXP","PC_GDP","A","1998",84.4339323334627,
"IRL","TRADEGOODSERV","EXP","PC_GDP","A","1999",86.6077168513597,
"IRL","TRADEGOODSERV","EXP","PC_GDP","A","2000",94.4895149612937,
"IRL","TRADEGOODSERV","EXP","PC_GDP","A","2001",95.3262971689587,
"IRL","TRADEGOODSERV","EXP","PC_GDP","A","2002",90.4752172552528,
"IRL","TRADEGOODSERV","EXP","PC_GDP","A","2003",80.8522765723601,
"IRL","TRADEGOODSERV","EXP","PC_GDP","A","2004",80.5354456700866,
"IRL","TRADEGOODSERV","EXP","PC_GDP","A","2005",79.5836674551033,
"IRL","TRADEGOODSERV","EXP","PC_GDP","A","2006",79.001570878461,
"IRL","TRADEGOODSERV","EXP","PC_GDP","A","2007",80.7824181176465,
"IRL","TRADEGOODSERV","EXP","PC_GDP","A","2008",84.1149720006336,
"IRL","TRADEGOODSERV","EXP","PC_GDP","A","2009",93.2367060633788,
"IRL","TRADEGOODSERV","EXP","PC_GDP","A","2010",103.019288331826,
"IRL","TRADEGOODSERV","EXP","PC_GDP","A","2011",103.791020595065,
"IRL","TRADEGOODSERV","EXP","PC_GDP","A","2012",104.509633651836,
"IRL","TRADEGOODSERV","EXP","PC_GDP","A","2013",103.664147651288,
"IRL","TRADEGOODSERV","EXP","PC_GDP","A","2014",110.02549679213,
"IRL","TRADEGOODSERV","EXP","PC_GDP","A","2015",121.965038641673,
"IRL","TRADEGOODSERV","EXP","PC_GDP","A","2016",120.815306623651,
"ITA","TRADEGOODSERV","EXP","PC_GDP","A","1993",20.3990960278212,"E"
"ITA","TRADEGOODSERV","EXP","PC_GDP","A","1994",21.8710884134194,"E"
"ITA","TRADEGOODSERV","EXP","PC_GDP","A","1995",24.6724895248457,
"ITA","TRADEGOODSERV","EXP","PC_GDP","A","1996",23.7046822237544,
"ITA","TRADEGOODSERV","EXP","PC_GDP","A","1997",24.149790549301,
"ITA","TRADEGOODSERV","EXP","PC_GDP","A","1998",24.0629522904606,
"ITA","TRADEGOODSERV","EXP","PC_GDP","A","1999",23.2007416928655,
"ITA","TRADEGOODSERV","EXP","PC_GDP","A","2000",25.6277321000853,
"ITA","TRADEGOODSERV","EXP","PC_GDP","A","2001",25.6490116681011,
"ITA","TRADEGOODSERV","EXP","PC_GDP","A","2002",24.4074673383008,
"ITA","TRADEGOODSERV","EXP","PC_GDP","A","2003",23.3021929123911,
"ITA","TRADEGOODSERV","EXP","PC_GDP","A","2004",24.0098284192385,
"ITA","TRADEGOODSERV","EXP","PC_GDP","A","2005",24.6010923817882,
"ITA","TRADEGOODSERV","EXP","PC_GDP","A","2006",26.1734884330826,
"ITA","TRADEGOODSERV","EXP","PC_GDP","A","2007",27.3610422532316,
"ITA","TRADEGOODSERV","EXP","PC_GDP","A","2008",26.8627746947944,
"ITA","TRADEGOODSERV","EXP","PC_GDP","A","2009",22.3991617339964,
"ITA","TRADEGOODSERV","EXP","PC_GDP","A","2010",25.0740498513169,
"ITA","TRADEGOODSERV","EXP","PC_GDP","A","2011",26.8724634660876,
"ITA","TRADEGOODSERV","EXP","PC_GDP","A","2012",28.3792428359574,
"ITA","TRADEGOODSERV","EXP","PC_GDP","A","2013",28.6332430796987,
"ITA","TRADEGOODSERV","EXP","PC_GDP","A","2014",29.1088281864091,
"ITA","TRADEGOODSERV","EXP","PC_GDP","A","2015",29.7159823723612,
"ITA","TRADEGOODSERV","EXP","PC_GDP","A","2016",29.3278907466434,
"JPN","TRADEGOODSERV","EXP","PC_GDP","A","1993",9.0778552406565,
"JPN","TRADEGOODSERV","EXP","PC_GDP","A","1994",9.0036501742541,
"JPN","TRADEGOODSERV","EXP","PC_GDP","A","1995",8.97179683136026,
"JPN","TRADEGOODSERV","EXP","PC_GDP","A","1996",9.47906921723545,
"JPN","TRADEGOODSERV","EXP","PC_GDP","A","1997",10.5488516641158,
"JPN","TRADEGOODSERV","EXP","PC_GDP","A","1998",10.5244802339333,
"JPN","TRADEGOODSERV","EXP","PC_GDP","A","1999",9.9517600054498,
"JPN","TRADEGOODSERV","EXP","PC_GDP","A","2000",10.6244850068159,
"JPN","TRADEGOODSERV","EXP","PC_GDP","A","2001",10.2290991481917,
"JPN","TRADEGOODSERV","EXP","PC_GDP","A","2002",11.0182210299423,
"JPN","TRADEGOODSERV","EXP","PC_GDP","A","2003",11.6392934662293,
"JPN","TRADEGOODSERV","EXP","PC_GDP","A","2004",12.9720323077118,
"JPN","TRADEGOODSERV","EXP","PC_GDP","A","2005",14.012441121792,
"JPN","TRADEGOODSERV","EXP","PC_GDP","A","2006",15.8729022962927,
"JPN","TRADEGOODSERV","EXP","PC_GDP","A","2007",17.4933165716298,
"JPN","TRADEGOODSERV","EXP","PC_GDP","A","2008",17.4240377234641,
"JPN","TRADEGOODSERV","EXP","PC_GDP","A","2009",12.5209141554358,
"JPN","TRADEGOODSERV","EXP","PC_GDP","A","2010",15.0367569834071,
"JPN","TRADEGOODSERV","EXP","PC_GDP","A","2011",14.9249962098743,
"JPN","TRADEGOODSERV","EXP","PC_GDP","A","2012",14.5447525563827,
"JPN","TRADEGOODSERV","EXP","PC_GDP","A","2013",15.9153981234384,
"JPN","TRADEGOODSERV","EXP","PC_GDP","A","2014",17.540301551347,
"JPN","TRADEGOODSERV","EXP","PC_GDP","A","2015",17.6109755367671,
"JPN","TRADEGOODSERV","EXP","PC_GDP","A","2016",16.2663956864248,
"KOR","TRADEGOODSERV","EXP","PC_GDP","A","1993",23.6724704162335,
"KOR","TRADEGOODSERV","EXP","PC_GDP","A","1994",24.0708425974796,
"KOR","TRADEGOODSERV","EXP","PC_GDP","A","1995",25.7242519716753,
"KOR","TRADEGOODSERV","EXP","PC_GDP","A","1996",24.8019714336879,
"KOR","TRADEGOODSERV","EXP","PC_GDP","A","1997",28.3455147196928,
"KOR","TRADEGOODSERV","EXP","PC_GDP","A","1998",39.5366811034607,
"KOR","TRADEGOODSERV","EXP","PC_GDP","A","1999",32.590822939439,
"KOR","TRADEGOODSERV","EXP","PC_GDP","A","2000",33.9391689573172,
"KOR","TRADEGOODSERV","EXP","PC_GDP","A","2001",31.7877410482541,
"KOR","TRADEGOODSERV","EXP","PC_GDP","A","2002",29.7727544096379,
"KOR","TRADEGOODSERV","EXP","PC_GDP","A","2003",31.3978372633201,
"KOR","TRADEGOODSERV","EXP","PC_GDP","A","2004",36.7543364487134,
"KOR","TRADEGOODSERV","EXP","PC_GDP","A","2005",35.2830827957409,
"KOR","TRADEGOODSERV","EXP","PC_GDP","A","2006",35.6264186161218,
"KOR","TRADEGOODSERV","EXP","PC_GDP","A","2007",37.3921796905127,
"KOR","TRADEGOODSERV","EXP","PC_GDP","A","2008",47.6418852095772,
"KOR","TRADEGOODSERV","EXP","PC_GDP","A","2009",45.1853519113199,
"KOR","TRADEGOODSERV","EXP","PC_GDP","A","2010",47.1037369107414,
"KOR","TRADEGOODSERV","EXP","PC_GDP","A","2011",53.3377319003336,
"KOR","TRADEGOODSERV","EXP","PC_GDP","A","2012",54.0940513351953,
"KOR","TRADEGOODSERV","EXP","PC_GDP","A","2013",51.2920711097027,
"KOR","TRADEGOODSERV","EXP","PC_GDP","A","2014",47.8314208662979,
"KOR","TRADEGOODSERV","EXP","PC_GDP","A","2015",42.989561527711,
"KOR","TRADEGOODSERV","EXP","PC_GDP","A","2016",40.1326509111205,
"LUX","TRADEGOODSERV","EXP","PC_GDP","A","1993",96.9689674056415,"E"
"LUX","TRADEGOODSERV","EXP","PC_GDP","A","1994",100.180979717828,"E"
"LUX","TRADEGOODSERV","EXP","PC_GDP","A","1995",102.475306045934,
"LUX","TRADEGOODSERV","EXP","PC_GDP","A","1996",106.524281977711,
"LUX","TRADEGOODSERV","EXP","PC_GDP","A","1997",115.847004216419,
"LUX","TRADEGOODSERV","EXP","PC_GDP","A","1998",126.178536185983,
"LUX","TRADEGOODSERV","EXP","PC_GDP","A","1999",130.829615551375,
"LUX","TRADEGOODSERV","EXP","PC_GDP","A","2000",148.484907700666,
"LUX","TRADEGOODSERV","EXP","PC_GDP","A","2001",147.439463050704,
"LUX","TRADEGOODSERV","EXP","PC_GDP","A","2002",141.96461158688,
"LUX","TRADEGOODSERV","EXP","PC_GDP","A","2003",138.90022793065,
"LUX","TRADEGOODSERV","EXP","PC_GDP","A","2004",153.035736645875,
"LUX","TRADEGOODSERV","EXP","PC_GDP","A","2005",161.676408809019,
"LUX","TRADEGOODSERV","EXP","PC_GDP","A","2006",176.246890384932,
"LUX","TRADEGOODSERV","EXP","PC_GDP","A","2007",182.888001090727,
"LUX","TRADEGOODSERV","EXP","PC_GDP","A","2008",187.111880717512,
"LUX","TRADEGOODSERV","EXP","PC_GDP","A","2009",164.069506600635,
"LUX","TRADEGOODSERV","EXP","PC_GDP","A","2010",174.523090007987,
"LUX","TRADEGOODSERV","EXP","PC_GDP","A","2011",177.989656164445,
"LUX","TRADEGOODSERV","EXP","PC_GDP","A","2012",186.444307394605,
"LUX","TRADEGOODSERV","EXP","PC_GDP","A","2013",190.628582291961,
"LUX","TRADEGOODSERV","EXP","PC_GDP","A","2014",212.607099406063,
"LUX","TRADEGOODSERV","EXP","PC_GDP","A","2015",221.196586443064,
"LUX","TRADEGOODSERV","EXP","PC_GDP","A","2016",213.035692906183,
"MEX","TRADEGOODSERV","EXP","PC_GDP","A","1993",12.2812976454281,
"MEX","TRADEGOODSERV","EXP","PC_GDP","A","1994",13.3828583816104,
"MEX","TRADEGOODSERV","EXP","PC_GDP","A","1995",24.1491933924023,
"MEX","TRADEGOODSERV","EXP","PC_GDP","A","1996",26.0050149675925,
"MEX","TRADEGOODSERV","EXP","PC_GDP","A","1997",24.3329303395345,
"MEX","TRADEGOODSERV","EXP","PC_GDP","A","1998",24.5944327690014,
"MEX","TRADEGOODSERV","EXP","PC_GDP","A","1999",24.6326500515211,
"MEX","TRADEGOODSERV","EXP","PC_GDP","A","2000",25.4067169365962,
"MEX","TRADEGOODSERV","EXP","PC_GDP","A","2001",22.6667211742494,
"MEX","TRADEGOODSERV","EXP","PC_GDP","A","2002",22.5524898738313,
"MEX","TRADEGOODSERV","EXP","PC_GDP","A","2003",24.3604406878698,
"MEX","TRADEGOODSERV","EXP","PC_GDP","A","2004",25.8403039526232,
"MEX","TRADEGOODSERV","EXP","PC_GDP","A","2005",26.2325503809951,
"MEX","TRADEGOODSERV","EXP","PC_GDP","A","2006",27.3251618939288,
"MEX","TRADEGOODSERV","EXP","PC_GDP","A","2007",27.527235888679,
"MEX","TRADEGOODSERV","EXP","PC_GDP","A","2008",27.7014958270789,
"MEX","TRADEGOODSERV","EXP","PC_GDP","A","2009",27.1549993271981,
"MEX","TRADEGOODSERV","EXP","PC_GDP","A","2010",29.6976647689721,
"MEX","TRADEGOODSERV","EXP","PC_GDP","A","2011",31.0367071399496,
"MEX","TRADEGOODSERV","EXP","PC_GDP","A","2012",32.2655677637235,
"MEX","TRADEGOODSERV","EXP","PC_GDP","A","2013",31.3056529520831,
"MEX","TRADEGOODSERV","EXP","PC_GDP","A","2014",31.8925445226212,
"MEX","TRADEGOODSERV","EXP","PC_GDP","A","2015",34.5633308736609,
"MEX","TRADEGOODSERV","EXP","PC_GDP","A","2016",37.0629709267807,
"NLD","TRADEGOODSERV","EXP","PC_GDP","A","1993",52.6120824466461,"E"
"NLD","TRADEGOODSERV","EXP","PC_GDP","A","1994",54.7356508995378,"E"
"NLD","TRADEGOODSERV","EXP","PC_GDP","A","1995",57.2209730326782,
"NLD","TRADEGOODSERV","EXP","PC_GDP","A","1996",57.3884657236126,
"NLD","TRADEGOODSERV","EXP","PC_GDP","A","1997",60.3599551275451,
"NLD","TRADEGOODSERV","EXP","PC_GDP","A","1998",59.3403416223893,
"NLD","TRADEGOODSERV","EXP","PC_GDP","A","1999",59.9050205145199,
"NLD","TRADEGOODSERV","EXP","PC_GDP","A","2000",66.0332693962704,
"NLD","TRADEGOODSERV","EXP","PC_GDP","A","2001",63.2984076981661,
"NLD","TRADEGOODSERV","EXP","PC_GDP","A","2002",60.148422487264,
"NLD","TRADEGOODSERV","EXP","PC_GDP","A","2003",59.2841403248767,
"NLD","TRADEGOODSERV","EXP","PC_GDP","A","2004",62.6742441704485,
"NLD","TRADEGOODSERV","EXP","PC_GDP","A","2005",65.632085215917,
"NLD","TRADEGOODSERV","EXP","PC_GDP","A","2006",68.1811183379922,
"NLD","TRADEGOODSERV","EXP","PC_GDP","A","2007",68.7754574672546,
"NLD","TRADEGOODSERV","EXP","PC_GDP","A","2008",69.7936334784718,
"NLD","TRADEGOODSERV","EXP","PC_GDP","A","2009",62.2370135170171,
"NLD","TRADEGOODSERV","EXP","PC_GDP","A","2010",69.8036724776943,
"NLD","TRADEGOODSERV","EXP","PC_GDP","A","2011",75.5030683053513,
"NLD","TRADEGOODSERV","EXP","PC_GDP","A","2012",79.5033738356974,
"NLD","TRADEGOODSERV","EXP","PC_GDP","A","2013",79.880477786038,
"NLD","TRADEGOODSERV","EXP","PC_GDP","A","2014",80.5779081541485,
"NLD","TRADEGOODSERV","EXP","PC_GDP","A","2015",82.658896708444,
"NLD","TRADEGOODSERV","EXP","PC_GDP","A","2016",79.5351647591471,
"NZL","TRADEGOODSERV","EXP","PC_GDP","A","1993",30.644091877812,
"NZL","TRADEGOODSERV","EXP","PC_GDP","A","1994",30.8677507555044,
"NZL","TRADEGOODSERV","EXP","PC_GDP","A","1995",29.3933663078266,
"NZL","TRADEGOODSERV","EXP","PC_GDP","A","1996",28.3488788439284,
"NZL","TRADEGOODSERV","EXP","PC_GDP","A","1997",28.3203739922721,
"NZL","TRADEGOODSERV","EXP","PC_GDP","A","1998",29.6173216258214,
"NZL","TRADEGOODSERV","EXP","PC_GDP","A","1999",30.9505515371504,
"NZL","TRADEGOODSERV","EXP","PC_GDP","A","2000",35.7454584901409,
"NZL","TRADEGOODSERV","EXP","PC_GDP","A","2001",35.4310398408851,
"NZL","TRADEGOODSERV","EXP","PC_GDP","A","2002",32.8470717038637,
"NZL","TRADEGOODSERV","EXP","PC_GDP","A","2003",29.8397254017245,
"NZL","TRADEGOODSERV","EXP","PC_GDP","A","2004",29.5434106069527,
"NZL","TRADEGOODSERV","EXP","PC_GDP","A","2005",28.2851654320382,
"NZL","TRADEGOODSERV","EXP","PC_GDP","A","2006",29.5900343962071,
"NZL","TRADEGOODSERV","EXP","PC_GDP","A","2007",29.2450709652559,
"NZL","TRADEGOODSERV","EXP","PC_GDP","A","2008",32.04047840027,
"NZL","TRADEGOODSERV","EXP","PC_GDP","A","2009",28.7376082189807,
"NZL","TRADEGOODSERV","EXP","PC_GDP","A","2010",30.252650098534,
"NZL","TRADEGOODSERV","EXP","PC_GDP","A","2011",30.355694534953,
"NZL","TRADEGOODSERV","EXP","PC_GDP","A","2012",28.8526248046336,
"NZL","TRADEGOODSERV","EXP","PC_GDP","A","2013",28.8227433084535,
"NZL","TRADEGOODSERV","EXP","PC_GDP","A","2014",28.0188110554175,
"NZL","TRADEGOODSERV","EXP","PC_GDP","A","2015",27.9153109822229,
"NZL","TRADEGOODSERV","EXP","PC_GDP","A","2016",26.540748849801,
"NOR","TRADEGOODSERV","EXP","PC_GDP","A","1993",37.1581716156184,
"NOR","TRADEGOODSERV","EXP","PC_GDP","A","1994",37.3372653784984,
"NOR","TRADEGOODSERV","EXP","PC_GDP","A","1995",37.1826259580662,
"NOR","TRADEGOODSERV","EXP","PC_GDP","A","1996",39.9423707086184,
"NOR","TRADEGOODSERV","EXP","PC_GDP","A","1997",40.5572397357492,
"NOR","TRADEGOODSERV","EXP","PC_GDP","A","1998",36.9081086471718,
"NOR","TRADEGOODSERV","EXP","PC_GDP","A","1999",38.6046651270573,
"NOR","TRADEGOODSERV","EXP","PC_GDP","A","2000",45.7323541763557,
"NOR","TRADEGOODSERV","EXP","PC_GDP","A","2001",44.9623027719641,
"NOR","TRADEGOODSERV","EXP","PC_GDP","A","2002",40.3731263925136,
"NOR","TRADEGOODSERV","EXP","PC_GDP","A","2003",39.6301695174664,
"NOR","TRADEGOODSERV","EXP","PC_GDP","A","2004",41.0909019528665,
"NOR","TRADEGOODSERV","EXP","PC_GDP","A","2005",43.4025448407452,
"NOR","TRADEGOODSERV","EXP","PC_GDP","A","2006",44.6445612247706,
"NOR","TRADEGOODSERV","EXP","PC_GDP","A","2007",43.2984720699285,
"NOR","TRADEGOODSERV","EXP","PC_GDP","A","2008",45.9167117360736,
"NOR","TRADEGOODSERV","EXP","PC_GDP","A","2009",39.2356785990914,
"NOR","TRADEGOODSERV","EXP","PC_GDP","A","2010",39.7598437031518,
"NOR","TRADEGOODSERV","EXP","PC_GDP","A","2011",41.2739648574507,
"NOR","TRADEGOODSERV","EXP","PC_GDP","A","2012",40.6824371898883,
"NOR","TRADEGOODSERV","EXP","PC_GDP","A","2013",39.1971735047655,
"NOR","TRADEGOODSERV","EXP","PC_GDP","A","2014",38.996355721797,
"NOR","TRADEGOODSERV","EXP","PC_GDP","A","2015",37.8018159096519,
"NOR","TRADEGOODSERV","EXP","PC_GDP","A","2016",35.4599263818255,
"POL","TRADEGOODSERV","EXP","PC_GDP","A","1993",20.7578297046858,"E"
"POL","TRADEGOODSERV","EXP","PC_GDP","A","1994",21.3952316308688,"E"
"POL","TRADEGOODSERV","EXP","PC_GDP","A","1995",22.9605173449227,
"POL","TRADEGOODSERV","EXP","PC_GDP","A","1996",22.0946007054355,
"POL","TRADEGOODSERV","EXP","PC_GDP","A","1997",23.3594100353779,
"POL","TRADEGOODSERV","EXP","PC_GDP","A","1998",25.9819822792747,
"POL","TRADEGOODSERV","EXP","PC_GDP","A","1999",24.1244818331558,
"POL","TRADEGOODSERV","EXP","PC_GDP","A","2000",27.2288811486492,
"POL","TRADEGOODSERV","EXP","PC_GDP","A","2001",27.2298820217084,
"POL","TRADEGOODSERV","EXP","PC_GDP","A","2002",28.7581820290198,
"POL","TRADEGOODSERV","EXP","PC_GDP","A","2003",33.3912971522466,
"POL","TRADEGOODSERV","EXP","PC_GDP","A","2004",34.2648184150678,
"POL","TRADEGOODSERV","EXP","PC_GDP","A","2005",34.6098743718847,
"POL","TRADEGOODSERV","EXP","PC_GDP","A","2006",37.8643036412838,
"POL","TRADEGOODSERV","EXP","PC_GDP","A","2007",38.5647849147734,
"POL","TRADEGOODSERV","EXP","PC_GDP","A","2008",37.8571656287445,
"POL","TRADEGOODSERV","EXP","PC_GDP","A","2009",37.1846398596124,
"POL","TRADEGOODSERV","EXP","PC_GDP","A","2010",40.055130499039,
"POL","TRADEGOODSERV","EXP","PC_GDP","A","2011",42.5631723792845,
"POL","TRADEGOODSERV","EXP","PC_GDP","A","2012",44.4435920646854,
"POL","TRADEGOODSERV","EXP","PC_GDP","A","2013",46.3198331819457,
"POL","TRADEGOODSERV","EXP","PC_GDP","A","2014",47.5689217230576,
"POL","TRADEGOODSERV","EXP","PC_GDP","A","2015",49.4974845062583,
"POL","TRADEGOODSERV","EXP","PC_GDP","A","2016",52.1935386116526,
"PRT","TRADEGOODSERV","EXP","PC_GDP","A","1993",23.600147644863,"E"
"PRT","TRADEGOODSERV","EXP","PC_GDP","A","1994",25.1335658294202,"E"
"PRT","TRADEGOODSERV","EXP","PC_GDP","A","1995",26.7697318737852,
"PRT","TRADEGOODSERV","EXP","PC_GDP","A","1996",26.5484648796224,
"PRT","TRADEGOODSERV","EXP","PC_GDP","A","1997",27.1541447475915,
"PRT","TRADEGOODSERV","EXP","PC_GDP","A","1998",27.3316272273762,
"PRT","TRADEGOODSERV","EXP","PC_GDP","A","1999",26.4819747246951,
"PRT","TRADEGOODSERV","EXP","PC_GDP","A","2000",28.2046205938904,
"PRT","TRADEGOODSERV","EXP","PC_GDP","A","2001",27.4373261135265,
"PRT","TRADEGOODSERV","EXP","PC_GDP","A","2002",27.0733622325977,
"PRT","TRADEGOODSERV","EXP","PC_GDP","A","2003",27.3671918978917,
"PRT","TRADEGOODSERV","EXP","PC_GDP","A","2004",27.6670515552519,
"PRT","TRADEGOODSERV","EXP","PC_GDP","A","2005",27.0841675459537,
"PRT","TRADEGOODSERV","EXP","PC_GDP","A","2006",30.3574044411002,
"PRT","TRADEGOODSERV","EXP","PC_GDP","A","2007",31.1941845713373,
"PRT","TRADEGOODSERV","EXP","PC_GDP","A","2008",31.2610790783868,
"PRT","TRADEGOODSERV","EXP","PC_GDP","A","2009",27.2937427180784,
"PRT","TRADEGOODSERV","EXP","PC_GDP","A","2010",30.0693089249393,
"PRT","TRADEGOODSERV","EXP","PC_GDP","A","2011",34.4548615994609,
"PRT","TRADEGOODSERV","EXP","PC_GDP","A","2012",37.7780148210557,
"PRT","TRADEGOODSERV","EXP","PC_GDP","A","2013",39.6065049729616,
"PRT","TRADEGOODSERV","EXP","PC_GDP","A","2014",40.2159680026703,
"PRT","TRADEGOODSERV","EXP","PC_GDP","A","2015",40.6151154462762,
"PRT","TRADEGOODSERV","EXP","PC_GDP","A","2016",40.2108236358286,
"SVK","TRADEGOODSERV","EXP","PC_GDP","A","1993",52.4540994594393,"E"
"SVK","TRADEGOODSERV","EXP","PC_GDP","A","1994",55.3243280556685,"E"
"SVK","TRADEGOODSERV","EXP","PC_GDP","A","1995",53.9263117552502,
"SVK","TRADEGOODSERV","EXP","PC_GDP","A","1996",49.2927561722145,
"SVK","TRADEGOODSERV","EXP","PC_GDP","A","1997",53.6089814116398,
"SVK","TRADEGOODSERV","EXP","PC_GDP","A","1998",45.5169214920153,
"SVK","TRADEGOODSERV","EXP","PC_GDP","A","1999",46.3477064742072,
"SVK","TRADEGOODSERV","EXP","PC_GDP","A","2000",53.205468406987,
"SVK","TRADEGOODSERV","EXP","PC_GDP","A","2001",57.1181854095185,
"SVK","TRADEGOODSERV","EXP","PC_GDP","A","2002",56.9704951847734,
"SVK","TRADEGOODSERV","EXP","PC_GDP","A","2003",62.3343488872503,
"SVK","TRADEGOODSERV","EXP","PC_GDP","A","2004",69.0463247537288,
"SVK","TRADEGOODSERV","EXP","PC_GDP","A","2005",72.3018934642515,
"SVK","TRADEGOODSERV","EXP","PC_GDP","A","2006",81.2398533216646,
"SVK","TRADEGOODSERV","EXP","PC_GDP","A","2007",83.3808614210341,
"SVK","TRADEGOODSERV","EXP","PC_GDP","A","2008",80.1479953487459,
"SVK","TRADEGOODSERV","EXP","PC_GDP","A","2009",68.0361180943086,
"SVK","TRADEGOODSERV","EXP","PC_GDP","A","2010",77.2084774457779,
"SVK","TRADEGOODSERV","EXP","PC_GDP","A","2011",84.9075350901021,
"SVK","TRADEGOODSERV","EXP","PC_GDP","A","2012",90.9221018613518,
"SVK","TRADEGOODSERV","EXP","PC_GDP","A","2013",93.4972605723115,
"SVK","TRADEGOODSERV","EXP","PC_GDP","A","2014",91.5015850507224,
"SVK","TRADEGOODSERV","EXP","PC_GDP","A","2015",92.0120877704125,
"SVK","TRADEGOODSERV","EXP","PC_GDP","A","2016",93.712186618535,
"ESP","TRADEGOODSERV","EXP","PC_GDP","A","1993",17.7088876502715,"E"
"ESP","TRADEGOODSERV","EXP","PC_GDP","A","1994",20.311135394257,"E"
"ESP","TRADEGOODSERV","EXP","PC_GDP","A","1995",21.8270992731031,
"ESP","TRADEGOODSERV","EXP","PC_GDP","A","1996",23.0323607990957,
"ESP","TRADEGOODSERV","EXP","PC_GDP","A","1997",25.6697890106843,
"ESP","TRADEGOODSERV","EXP","PC_GDP","A","1998",26.101947326675,
"ESP","TRADEGOODSERV","EXP","PC_GDP","A","1999",26.3515090067028,
"ESP","TRADEGOODSERV","EXP","PC_GDP","A","2000",28.5633579326111,
"ESP","TRADEGOODSERV","EXP","PC_GDP","A","2001",27.8616191602484,
"ESP","TRADEGOODSERV","EXP","PC_GDP","A","2002",26.553994919632,
"ESP","TRADEGOODSERV","EXP","PC_GDP","A","2003",25.6289061234055,
"ESP","TRADEGOODSERV","EXP","PC_GDP","A","2004",25.4119848226223,
"ESP","TRADEGOODSERV","EXP","PC_GDP","A","2005",24.9792690409411,
"ESP","TRADEGOODSERV","EXP","PC_GDP","A","2006",25.2413025005404,
"ESP","TRADEGOODSERV","EXP","PC_GDP","A","2007",25.984738814678,
"ESP","TRADEGOODSERV","EXP","PC_GDP","A","2008",25.6239291743162,
"ESP","TRADEGOODSERV","EXP","PC_GDP","A","2009",23.0616941747255,
"ESP","TRADEGOODSERV","EXP","PC_GDP","A","2010",25.9516793464024,
"ESP","TRADEGOODSERV","EXP","PC_GDP","A","2011",29.5349622049272,
"ESP","TRADEGOODSERV","EXP","PC_GDP","A","2012",31.45527248111,
"ESP","TRADEGOODSERV","EXP","PC_GDP","A","2013",32.9625774735678,
"ESP","TRADEGOODSERV","EXP","PC_GDP","A","2014",33.4825675913959,
"ESP","TRADEGOODSERV","EXP","PC_GDP","A","2015",33.6265184346551,
"ESP","TRADEGOODSERV","EXP","PC_GDP","A","2016",33.8800904977376,
"SWE","TRADEGOODSERV","EXP","PC_GDP","A","1993",30.4102380632048,
"SWE","TRADEGOODSERV","EXP","PC_GDP","A","1994",33.5983064955583,
"SWE","TRADEGOODSERV","EXP","PC_GDP","A","1995",37.1240310199484,
"SWE","TRADEGOODSERV","EXP","PC_GDP","A","1996",36.028866805627,
"SWE","TRADEGOODSERV","EXP","PC_GDP","A","1997",39.1319850981967,
"SWE","TRADEGOODSERV","EXP","PC_GDP","A","1998",40.0209948883021,
"SWE","TRADEGOODSERV","EXP","PC_GDP","A","1999",40.1114332826671,
"SWE","TRADEGOODSERV","EXP","PC_GDP","A","2000",43.2584584604537,
"SWE","TRADEGOODSERV","EXP","PC_GDP","A","2001",42.9207450800425,
"SWE","TRADEGOODSERV","EXP","PC_GDP","A","2002",41.2470904455775,
"SWE","TRADEGOODSERV","EXP","PC_GDP","A","2003",40.3257049709808,
"SWE","TRADEGOODSERV","EXP","PC_GDP","A","2004",42.6906424082589,
"SWE","TRADEGOODSERV","EXP","PC_GDP","A","2005",45.01548061554,
"SWE","TRADEGOODSERV","EXP","PC_GDP","A","2006",47.4874330005625,
"SWE","TRADEGOODSERV","EXP","PC_GDP","A","2007",47.6102603456699,
"SWE","TRADEGOODSERV","EXP","PC_GDP","A","2008",49.0869229216005,
"SWE","TRADEGOODSERV","EXP","PC_GDP","A","2009",43.4539788044118,
"SWE","TRADEGOODSERV","EXP","PC_GDP","A","2010",44.6788529489048,
"SWE","TRADEGOODSERV","EXP","PC_GDP","A","2011",45.2711911918356,
"SWE","TRADEGOODSERV","EXP","PC_GDP","A","2012",45.027525416194,
"SWE","TRADEGOODSERV","EXP","PC_GDP","A","2013",42.5268091342415,
"SWE","TRADEGOODSERV","EXP","PC_GDP","A","2014",43.2661612480684,
"SWE","TRADEGOODSERV","EXP","PC_GDP","A","2015",43.7667675162599,
"SWE","TRADEGOODSERV","EXP","PC_GDP","A","2016",42.691478270481,
"CHE","TRADEGOODSERV","EXP","PC_GDP","A","1993",41.4287174122961,
"CHE","TRADEGOODSERV","EXP","PC_GDP","A","1994",40.7031823305792,
"CHE","TRADEGOODSERV","EXP","PC_GDP","A","1995",40.6819929387672,
"CHE","TRADEGOODSERV","EXP","PC_GDP","A","1996",41.7408536793019,
"CHE","TRADEGOODSERV","EXP","PC_GDP","A","1997",47.2415937282374,
"CHE","TRADEGOODSERV","EXP","PC_GDP","A","1998",46.7018073424983,
"CHE","TRADEGOODSERV","EXP","PC_GDP","A","1999",47.4124158577378,
"CHE","TRADEGOODSERV","EXP","PC_GDP","A","2000",52.1179026964438,
"CHE","TRADEGOODSERV","EXP","PC_GDP","A","2001",50.889342868239,
"CHE","TRADEGOODSERV","EXP","PC_GDP","A","2002",48.9369871190323,
"CHE","TRADEGOODSERV","EXP","PC_GDP","A","2003",48.1084432598196,
"CHE","TRADEGOODSERV","EXP","PC_GDP","A","2004",51.4710395585486,
"CHE","TRADEGOODSERV","EXP","PC_GDP","A","2005",53.7904711219013,
"CHE","TRADEGOODSERV","EXP","PC_GDP","A","2006",56.4911701240454,
"CHE","TRADEGOODSERV","EXP","PC_GDP","A","2007",61.3036352319505,
"CHE","TRADEGOODSERV","EXP","PC_GDP","A","2008",62.6611637235732,
"CHE","TRADEGOODSERV","EXP","PC_GDP","A","2009",57.2304543425847,
"CHE","TRADEGOODSERV","EXP","PC_GDP","A","2010",63.9656690999432,
"CHE","TRADEGOODSERV","EXP","PC_GDP","A","2011",65.4655013527133,
"CHE","TRADEGOODSERV","EXP","PC_GDP","A","2012",67.0336106062448,
"CHE","TRADEGOODSERV","EXP","PC_GDP","A","2013",71.9249426176035,
"CHE","TRADEGOODSERV","EXP","PC_GDP","A","2014",64.273711398997,
"CHE","TRADEGOODSERV","EXP","PC_GDP","A","2015",62.2161478870069,
"CHE","TRADEGOODSERV","EXP","PC_GDP","A","2016",65.7442508810566,
"TUR","TRADEGOODSERV","EXP","PC_GDP","A","1993",11.6083469453128,"E"
"TUR","TRADEGOODSERV","EXP","PC_GDP","A","1994",18.1353285850373,"E"
"TUR","TRADEGOODSERV","EXP","PC_GDP","A","1995",16.886934742148,"E"
"TUR","TRADEGOODSERV","EXP","PC_GDP","A","1996",18.2885905451282,"E"
"TUR","TRADEGOODSERV","EXP","PC_GDP","A","1997",20.8685931224959,"E"
"TUR","TRADEGOODSERV","EXP","PC_GDP","A","1998",20.6662297570217,
"TUR","TRADEGOODSERV","EXP","PC_GDP","A","1999",18.8109127608593,
"TUR","TRADEGOODSERV","EXP","PC_GDP","A","2000",19.8811989046161,
"TUR","TRADEGOODSERV","EXP","PC_GDP","A","2001",27.1819420111864,
"TUR","TRADEGOODSERV","EXP","PC_GDP","A","2002",25.1051189887103,
"TUR","TRADEGOODSERV","EXP","PC_GDP","A","2003",23.0061779952857,
"TUR","TRADEGOODSERV","EXP","PC_GDP","A","2004",23.6247531514385,
"TUR","TRADEGOODSERV","EXP","PC_GDP","A","2005",21.8762676429404,
"TUR","TRADEGOODSERV","EXP","PC_GDP","A","2006",22.394833924129,
"TUR","TRADEGOODSERV","EXP","PC_GDP","A","2007",21.8895257230779,
"TUR","TRADEGOODSERV","EXP","PC_GDP","A","2008",23.5662909133625,
"TUR","TRADEGOODSERV","EXP","PC_GDP","A","2009",23.3701991267285,
"TUR","TRADEGOODSERV","EXP","PC_GDP","A","2010",21.1941332849263,
"TUR","TRADEGOODSERV","EXP","PC_GDP","A","2011",22.9937012804749,
"TUR","TRADEGOODSERV","EXP","PC_GDP","A","2012",24.3608755382906,
"TUR","TRADEGOODSERV","EXP","PC_GDP","A","2013",23.7930094844499,
"TUR","TRADEGOODSERV","EXP","PC_GDP","A","2014",25.2055417034584,
"TUR","TRADEGOODSERV","EXP","PC_GDP","A","2015",24.5312773420396,
"TUR","TRADEGOODSERV","EXP","PC_GDP","A","2016",23.0835091123818,
"GBR","TRADEGOODSERV","EXP","PC_GDP","A","1993",24.5575996580021,"E"
"GBR","TRADEGOODSERV","EXP","PC_GDP","A","1994",25.7897769137063,"E"
"GBR","TRADEGOODSERV","EXP","PC_GDP","A","1995",25.5551294929672,
"GBR","TRADEGOODSERV","EXP","PC_GDP","A","1996",26.1507090146543,
"GBR","TRADEGOODSERV","EXP","PC_GDP","A","1997",25.5504392067501,
"GBR","TRADEGOODSERV","EXP","PC_GDP","A","1998",24.1694383835789,
"GBR","TRADEGOODSERV","EXP","PC_GDP","A","1999",23.9240458855784,
"GBR","TRADEGOODSERV","EXP","PC_GDP","A","2000",25.1989000146945,
"GBR","TRADEGOODSERV","EXP","PC_GDP","A","2001",25.0363543338666,
"GBR","TRADEGOODSERV","EXP","PC_GDP","A","2002",24.1114361570333,
"GBR","TRADEGOODSERV","EXP","PC_GDP","A","2003",23.8566363996393,
"GBR","TRADEGOODSERV","EXP","PC_GDP","A","2004",23.7127005866098,
"GBR","TRADEGOODSERV","EXP","PC_GDP","A","2005",24.973608331889,
"GBR","TRADEGOODSERV","EXP","PC_GDP","A","2006",27.1010757849732,
"GBR","TRADEGOODSERV","EXP","PC_GDP","A","2007",25.2397534941132,
"GBR","TRADEGOODSERV","EXP","PC_GDP","A","2008",26.9894102322679,
"GBR","TRADEGOODSERV","EXP","PC_GDP","A","2009",26.3730781880932,
"GBR","TRADEGOODSERV","EXP","PC_GDP","A","2010",28.2750712111101,
"GBR","TRADEGOODSERV","EXP","PC_GDP","A","2011",30.7000187976267,
"GBR","TRADEGOODSERV","EXP","PC_GDP","A","2012",29.9751039670716,
"GBR","TRADEGOODSERV","EXP","PC_GDP","A","2013",29.952601103524,
"GBR","TRADEGOODSERV","EXP","PC_GDP","A","2014",28.5020548195346,
"GBR","TRADEGOODSERV","EXP","PC_GDP","A","2015",27.6514218820426,
"GBR","TRADEGOODSERV","EXP","PC_GDP","A","2016",28.4392368950012,
"USA","TRADEGOODSERV","EXP","PC_GDP","A","1993",9.54718039168286,
"USA","TRADEGOODSERV","EXP","PC_GDP","A","1994",9.89314741556332,
"USA","TRADEGOODSERV","EXP","PC_GDP","A","1995",10.639223880261,
"USA","TRADEGOODSERV","EXP","PC_GDP","A","1996",10.7466355642836,
"USA","TRADEGOODSERV","EXP","PC_GDP","A","1997",11.1197577117574,
"USA","TRADEGOODSERV","EXP","PC_GDP","A","1998",10.5152625281963,
"USA","TRADEGOODSERV","EXP","PC_GDP","A","1999",10.3085114700826,
"USA","TRADEGOODSERV","EXP","PC_GDP","A","2000",10.6927223590852,
"USA","TRADEGOODSERV","EXP","PC_GDP","A","2001",9.68298276043577,
"USA","TRADEGOODSERV","EXP","PC_GDP","A","2002",9.1322497000389,
"USA","TRADEGOODSERV","EXP","PC_GDP","A","2003",9.04306819734888,
"USA","TRADEGOODSERV","EXP","PC_GDP","A","2004",9.6418620683444,
"USA","TRADEGOODSERV","EXP","PC_GDP","A","2005",10.0119762481689,
"USA","TRADEGOODSERV","EXP","PC_GDP","A","2006",10.659823958825,
"USA","TRADEGOODSERV","EXP","PC_GDP","A","2007",11.4923131001823,
"USA","TRADEGOODSERV","EXP","PC_GDP","A","2008",12.4860623489203,
"USA","TRADEGOODSERV","EXP","PC_GDP","A","2009",10.9488784361363,
"USA","TRADEGOODSERV","EXP","PC_GDP","A","2010",12.3150586724219,
"USA","TRADEGOODSERV","EXP","PC_GDP","A","2011",13.5305382336088,
"USA","TRADEGOODSERV","EXP","PC_GDP","A","2012",13.5289192626761,
"USA","TRADEGOODSERV","EXP","PC_GDP","A","2013",13.5445229749135,
"USA","TRADEGOODSERV","EXP","PC_GDP","A","2014",13.53151759391,
"USA","TRADEGOODSERV","EXP","PC_GDP","A","2015",12.423646259594,
"USA","TRADEGOODSERV","EXP","PC_GDP","A","2016",11.881382176385,
"CHL","TRADEGOODSERV","EXP","PC_GDP","A","1993",25.6483030333734,"E"
"CHL","TRADEGOODSERV","EXP","PC_GDP","A","1994",27.330155553387,"E"
"CHL","TRADEGOODSERV","EXP","PC_GDP","A","1995",28.4924395894748,"E"
"CHL","TRADEGOODSERV","EXP","PC_GDP","A","1996",26.6455426737638,
"CHL","TRADEGOODSERV","EXP","PC_GDP","A","1997",26.4704496962002,
"CHL","TRADEGOODSERV","EXP","PC_GDP","A","1998",25.5211320717606,
"CHL","TRADEGOODSERV","EXP","PC_GDP","A","1999",28.7661310815083,
"CHL","TRADEGOODSERV","EXP","PC_GDP","A","2000",30.5317001282604,
"CHL","TRADEGOODSERV","EXP","PC_GDP","A","2001",32.3986301148198,
"CHL","TRADEGOODSERV","EXP","PC_GDP","A","2002",32.8039336270982,
"CHL","TRADEGOODSERV","EXP","PC_GDP","A","2003",35.6590455118632,
"CHL","TRADEGOODSERV","EXP","PC_GDP","A","2004",39.8023703892283,
"CHL","TRADEGOODSERV","EXP","PC_GDP","A","2005",40.159816473408,
"CHL","TRADEGOODSERV","EXP","PC_GDP","A","2006",43.7951067808308,
"CHL","TRADEGOODSERV","EXP","PC_GDP","A","2007",45.0690038915367,
"CHL","TRADEGOODSERV","EXP","PC_GDP","A","2008",41.4241677494248,
"CHL","TRADEGOODSERV","EXP","PC_GDP","A","2009",37.0407736121731,
"CHL","TRADEGOODSERV","EXP","PC_GDP","A","2010",37.7451125427294,
"CHL","TRADEGOODSERV","EXP","PC_GDP","A","2011",37.7619574719139,
"CHL","TRADEGOODSERV","EXP","PC_GDP","A","2012",34.1218587192481,
"CHL","TRADEGOODSERV","EXP","PC_GDP","A","2013",32.1994733839394,
"CHL","TRADEGOODSERV","EXP","PC_GDP","A","2014",33.1107497214549,
"CHL","TRADEGOODSERV","EXP","PC_GDP","A","2015",29.3763486017398,
"CHL","TRADEGOODSERV","EXP","PC_GDP","A","2016",28.1486278851089,
"CHN","TRADEGOODSERV","EXP","PC_GDP","A","1993",11.9978934886694,
"CHN","TRADEGOODSERV","EXP","PC_GDP","A","1994",18.5367296427654,
"CHN","TRADEGOODSERV","EXP","PC_GDP","A","1995",17.9516604363555,
"CHN","TRADEGOODSERV","EXP","PC_GDP","A","1996",17.9233029398331,
"CHN","TRADEGOODSERV","EXP","PC_GDP","A","1997",19.4931753371386,
"CHN","TRADEGOODSERV","EXP","PC_GDP","A","1998",18.3423231039198,
"CHN","TRADEGOODSERV","EXP","PC_GDP","A","1999",18.1626913003343,
"CHN","TRADEGOODSERV","EXP","PC_GDP","A","2000",20.8934529981522,
"CHN","TRADEGOODSERV","EXP","PC_GDP","A","2001",20.3119045651799,
"CHN","TRADEGOODSERV","EXP","PC_GDP","A","2002",22.6447502822111,
"CHN","TRADEGOODSERV","EXP","PC_GDP","A","2003",26.9807633930521,
"CHN","TRADEGOODSERV","EXP","PC_GDP","A","2004",31.0613300774468,
"CHN","TRADEGOODSERV","EXP","PC_GDP","A","2005",33.8191241300264,
"CHN","TRADEGOODSERV","EXP","PC_GDP","A","2006",36.0277903695113,
"CHN","TRADEGOODSERV","EXP","PC_GDP","A","2007",35.3902283182453,
"CHN","TRADEGOODSERV","EXP","PC_GDP","A","2008",32.5303109433958,
"CHN","TRADEGOODSERV","EXP","PC_GDP","A","2009",24.4947715567961,
"CHN","TRADEGOODSERV","EXP","PC_GDP","A","2010",26.3254794206435,
"CHN","TRADEGOODSERV","EXP","PC_GDP","A","2011",26.5681882841381,
"CHN","TRADEGOODSERV","EXP","PC_GDP","A","2012",25.4925200211668,
"CHN","TRADEGOODSERV","EXP","PC_GDP","A","2013",24.5992556620714,
"CHN","TRADEGOODSERV","EXP","PC_GDP","A","2014",24.0953913268178,
"CHN","TRADEGOODSERV","EXP","PC_GDP","A","2015",21.9794146313421,
"CHN","TRADEGOODSERV","EXP","PC_GDP","A","2016",19.5843789904301,
"EST","TRADEGOODSERV","EXP","PC_GDP","A","1993",64.2245750849771,"E"
"EST","TRADEGOODSERV","EXP","PC_GDP","A","1994",69.2026477655626,"E"
"EST","TRADEGOODSERV","EXP","PC_GDP","A","1995",65.9767529510118,
"EST","TRADEGOODSERV","EXP","PC_GDP","A","1996",61.3542350989095,
"EST","TRADEGOODSERV","EXP","PC_GDP","A","1997",70.4741030390431,
"EST","TRADEGOODSERV","EXP","PC_GDP","A","1998",73.7404343490292,
"EST","TRADEGOODSERV","EXP","PC_GDP","A","1999",69.8038344808807,
"EST","TRADEGOODSERV","EXP","PC_GDP","A","2000",61.5463332477854,
"EST","TRADEGOODSERV","EXP","PC_GDP","A","2001",61.2068569263879,
"EST","TRADEGOODSERV","EXP","PC_GDP","A","2002",57.9206508757039,
"EST","TRADEGOODSERV","EXP","PC_GDP","A","2003",57.1413194210929,
"EST","TRADEGOODSERV","EXP","PC_GDP","A","2004",61.0869516296654,
"EST","TRADEGOODSERV","EXP","PC_GDP","A","2005",65.4743010611721,
"EST","TRADEGOODSERV","EXP","PC_GDP","A","2006",63.3059913911719,
"EST","TRADEGOODSERV","EXP","PC_GDP","A","2007",62.6084637255945,
"EST","TRADEGOODSERV","EXP","PC_GDP","A","2008",66.3115573830274,
"EST","TRADEGOODSERV","EXP","PC_GDP","A","2009",60.5219565723599,
"EST","TRADEGOODSERV","EXP","PC_GDP","A","2010",74.445325134151,
"EST","TRADEGOODSERV","EXP","PC_GDP","A","2011",85.8340234766291,
"EST","TRADEGOODSERV","EXP","PC_GDP","A","2012",85.5675634123131,
"EST","TRADEGOODSERV","EXP","PC_GDP","A","2013",84.0234024702817,
"EST","TRADEGOODSERV","EXP","PC_GDP","A","2014",81.3308981156804,
"EST","TRADEGOODSERV","EXP","PC_GDP","A","2015",76.8734131563936,
"EST","TRADEGOODSERV","EXP","PC_GDP","A","2016",76.3629434371391,
"IND","TRADEGOODSERV","EXP","PC_GDP","A","1993",9.937528986127,"E"
"IND","TRADEGOODSERV","EXP","PC_GDP","A","1994",9.99196235789454,"E"
"IND","TRADEGOODSERV","EXP","PC_GDP","A","1995",10.9578873291467,"E"
"IND","TRADEGOODSERV","EXP","PC_GDP","A","1996",10.4942719631437,"E"
"IND","TRADEGOODSERV","EXP","PC_GDP","A","1997",10.8030299835803,"E"
"IND","TRADEGOODSERV","EXP","PC_GDP","A","1998",11.1342250815905,"E"
"IND","TRADEGOODSERV","EXP","PC_GDP","A","1999",11.5723757083039,"E"
"IND","TRADEGOODSERV","EXP","PC_GDP","A","2000",13.1337803998295,"E"
"IND","TRADEGOODSERV","EXP","PC_GDP","A","2001",12.6903132601314,"E"
"IND","TRADEGOODSERV","EXP","PC_GDP","A","2002",14.4142401918498,"E"
"IND","TRADEGOODSERV","EXP","PC_GDP","A","2003",15.104951034389,"E"
"IND","TRADEGOODSERV","EXP","PC_GDP","A","2004",18.0467541076033,"E"
"IND","TRADEGOODSERV","EXP","PC_GDP","A","2005",19.8243656390573,"E"
"IND","TRADEGOODSERV","EXP","PC_GDP","A","2006",21.6641989510186,"E"
"IND","TRADEGOODSERV","EXP","PC_GDP","A","2007",21.0075929991174,"E"
"IND","TRADEGOODSERV","EXP","PC_GDP","A","2008",24.2674327735313,"E"
"IND","TRADEGOODSERV","EXP","PC_GDP","A","2009",20.6155613097686,"E"
"IND","TRADEGOODSERV","EXP","PC_GDP","A","2010",22.5904470727754,"E"
"IND","TRADEGOODSERV","EXP","PC_GDP","A","2011",24.5404113195629,
"IND","TRADEGOODSERV","EXP","PC_GDP","A","2012",24.5344306614106,
"IND","TRADEGOODSERV","EXP","PC_GDP","A","2013",25.4308613004857,
"IND","TRADEGOODSERV","EXP","PC_GDP","A","2014",22.9679630080759,
"IND","TRADEGOODSERV","EXP","PC_GDP","A","2015",19.82442628491,
"IND","TRADEGOODSERV","EXP","PC_GDP","A","2016",19.3149223942138,
"IDN","TRADEGOODSERV","EXP","PC_GDP","A","1993",24.3408839583795,"E"
"IDN","TRADEGOODSERV","EXP","PC_GDP","A","1994",24.1194639471785,"E"
"IDN","TRADEGOODSERV","EXP","PC_GDP","A","1995",23.9381731123786,"E"
"IDN","TRADEGOODSERV","EXP","PC_GDP","A","1996",23.4945545373486,"E"
"IDN","TRADEGOODSERV","EXP","PC_GDP","A","1997",25.3456837603892,"E"
"IDN","TRADEGOODSERV","EXP","PC_GDP","A","1998",48.1891363449291,"E"
"IDN","TRADEGOODSERV","EXP","PC_GDP","A","1999",32.3098980840295,"E"
"IDN","TRADEGOODSERV","EXP","PC_GDP","A","2000",39.0540000845153,"E"
"IDN","TRADEGOODSERV","EXP","PC_GDP","A","2001",37.2001293944329,"E"
"IDN","TRADEGOODSERV","EXP","PC_GDP","A","2002",31.1534021951054,"E"
"IDN","TRADEGOODSERV","EXP","PC_GDP","A","2003",29.0471577613907,"E"
"IDN","TRADEGOODSERV","EXP","PC_GDP","A","2004",30.7045731426235,"E"
"IDN","TRADEGOODSERV","EXP","PC_GDP","A","2005",32.4682895574552,"E"
"IDN","TRADEGOODSERV","EXP","PC_GDP","A","2006",29.5780738703103,"E"
"IDN","TRADEGOODSERV","EXP","PC_GDP","A","2007",28.0541253928456,"E"
"IDN","TRADEGOODSERV","EXP","PC_GDP","A","2008",28.4092043389115,
"IDN","TRADEGOODSERV","EXP","PC_GDP","A","2009",23.6108527583124,
"IDN","TRADEGOODSERV","EXP","PC_GDP","A","2010",24.2990309366379,
"IDN","TRADEGOODSERV","EXP","PC_GDP","A","2011",26.3273530888849,
"IDN","TRADEGOODSERV","EXP","PC_GDP","A","2012",24.5943787881769,
"IDN","TRADEGOODSERV","EXP","PC_GDP","A","2013",23.9235763793594,
"IDN","TRADEGOODSERV","EXP","PC_GDP","A","2014",23.6659845969405,
"IDN","TRADEGOODSERV","EXP","PC_GDP","A","2015",21.1601792598076,
"IDN","TRADEGOODSERV","EXP","PC_GDP","A","2016",19.0889938536632,
"ISR","TRADEGOODSERV","EXP","PC_GDP","A","1993",27.641735890144,"E"
"ISR","TRADEGOODSERV","EXP","PC_GDP","A","1994",27.6473931258447,"E"
"ISR","TRADEGOODSERV","EXP","PC_GDP","A","1995",27.3703062598715,
"ISR","TRADEGOODSERV","EXP","PC_GDP","A","1996",26.9452691242935,
"ISR","TRADEGOODSERV","EXP","PC_GDP","A","1997",27.8236325847968,
"ISR","TRADEGOODSERV","EXP","PC_GDP","A","1998",28.5181801037441,
"ISR","TRADEGOODSERV","EXP","PC_GDP","A","1999",32.5696289383046,
"ISR","TRADEGOODSERV","EXP","PC_GDP","A","2000",35.4715055236002,
"ISR","TRADEGOODSERV","EXP","PC_GDP","A","2001",31.2291870733181,
"ISR","TRADEGOODSERV","EXP","PC_GDP","A","2002",32.8075652854438,
"ISR","TRADEGOODSERV","EXP","PC_GDP","A","2003",34.5321509116129,
"ISR","TRADEGOODSERV","EXP","PC_GDP","A","2004",39.0466637200754,
"ISR","TRADEGOODSERV","EXP","PC_GDP","A","2005",40.7355232672085,
"ISR","TRADEGOODSERV","EXP","PC_GDP","A","2006",40.7582781602551,
"ISR","TRADEGOODSERV","EXP","PC_GDP","A","2007",40.4423963814759,
"ISR","TRADEGOODSERV","EXP","PC_GDP","A","2008",38.4342504289409,
"ISR","TRADEGOODSERV","EXP","PC_GDP","A","2009",33.194579657013,
"ISR","TRADEGOODSERV","EXP","PC_GDP","A","2010",34.7633742078502,
"ISR","TRADEGOODSERV","EXP","PC_GDP","A","2011",35.4452382368656,
"ISR","TRADEGOODSERV","EXP","PC_GDP","A","2012",36.0506909940587,
"ISR","TRADEGOODSERV","EXP","PC_GDP","A","2013",33.7834630809085,
"ISR","TRADEGOODSERV","EXP","PC_GDP","A","2014",32.27334761962,
"ISR","TRADEGOODSERV","EXP","PC_GDP","A","2015",31.5178427707636,
"ISR","TRADEGOODSERV","EXP","PC_GDP","A","2016",30.0239876137218,
"RUS","TRADEGOODSERV","EXP","PC_GDP","A","1995",27.1795734028481,"E"
"RUS","TRADEGOODSERV","EXP","PC_GDP","A","1996",24.1895072077779,"E"
"RUS","TRADEGOODSERV","EXP","PC_GDP","A","1997",22.9444704989922,"E"
"RUS","TRADEGOODSERV","EXP","PC_GDP","A","1998",28.9693967678344,"E"
"RUS","TRADEGOODSERV","EXP","PC_GDP","A","1999",40.1003505537735,"E"
"RUS","TRADEGOODSERV","EXP","PC_GDP","A","2000",40.8800222129245,"E"
"RUS","TRADEGOODSERV","EXP","PC_GDP","A","2001",34.2303680261338,"E"
"RUS","TRADEGOODSERV","EXP","PC_GDP","A","2002",32.6710298886444,"E"
"RUS","TRADEGOODSERV","EXP","PC_GDP","A","2003",32.6715406493558,"E"
"RUS","TRADEGOODSERV","EXP","PC_GDP","A","2004",31.9004331999045,"E"
"RUS","TRADEGOODSERV","EXP","PC_GDP","A","2005",32.628008120852,"E"
"RUS","TRADEGOODSERV","EXP","PC_GDP","A","2006",31.2634270084915,"E"
"RUS","TRADEGOODSERV","EXP","PC_GDP","A","2007",27.9576534958049,"E"
"RUS","TRADEGOODSERV","EXP","PC_GDP","A","2008",29.0193692704916,"E"
"RUS","TRADEGOODSERV","EXP","PC_GDP","A","2009",25.8946765919612,"E"
"RUS","TRADEGOODSERV","EXP","PC_GDP","A","2010",27.0786577123279,"E"
"RUS","TRADEGOODSERV","EXP","PC_GDP","A","2011",28.0553481311462,
"RUS","TRADEGOODSERV","EXP","PC_GDP","A","2012",26.9072600692462,
"RUS","TRADEGOODSERV","EXP","PC_GDP","A","2013",25.845295606813,
"RUS","TRADEGOODSERV","EXP","PC_GDP","A","2014",27.1111270763483,
"RUS","TRADEGOODSERV","EXP","PC_GDP","A","2015",28.7033982922271,
"RUS","TRADEGOODSERV","EXP","PC_GDP","A","2016",25.8544237455533,
"SVN","TRADEGOODSERV","EXP","PC_GDP","A","1993",52.4580342885198,"E"
"SVN","TRADEGOODSERV","EXP","PC_GDP","A","1994",53.5492823115021,"E"
"SVN","TRADEGOODSERV","EXP","PC_GDP","A","1995",45.4376830400216,
"SVN","TRADEGOODSERV","EXP","PC_GDP","A","1996",46.1309032794216,
"SVN","TRADEGOODSERV","EXP","PC_GDP","A","1997",47.5618068807887,
"SVN","TRADEGOODSERV","EXP","PC_GDP","A","1998",47.4961462552923,
"SVN","TRADEGOODSERV","EXP","PC_GDP","A","1999",44.106139148581,
"SVN","TRADEGOODSERV","EXP","PC_GDP","A","2000",50.1351760015691,
"SVN","TRADEGOODSERV","EXP","PC_GDP","A","2001",51.7466332397125,
"SVN","TRADEGOODSERV","EXP","PC_GDP","A","2002",52.3211889391269,
"SVN","TRADEGOODSERV","EXP","PC_GDP","A","2003",51.0035937879827,
"SVN","TRADEGOODSERV","EXP","PC_GDP","A","2004",55.054787480956,
"SVN","TRADEGOODSERV","EXP","PC_GDP","A","2005",59.811270228873,
"SVN","TRADEGOODSERV","EXP","PC_GDP","A","2006",64.8702151703563,
"SVN","TRADEGOODSERV","EXP","PC_GDP","A","2007",67.899070077043,
"SVN","TRADEGOODSERV","EXP","PC_GDP","A","2008",66.3132541542626,
"SVN","TRADEGOODSERV","EXP","PC_GDP","A","2009",57.2642886880313,
"SVN","TRADEGOODSERV","EXP","PC_GDP","A","2010",64.274822462539,
"SVN","TRADEGOODSERV","EXP","PC_GDP","A","2011",70.2471446678583,
"SVN","TRADEGOODSERV","EXP","PC_GDP","A","2012",72.8915890765118,
"SVN","TRADEGOODSERV","EXP","PC_GDP","A","2013",74.2164745894209,
"SVN","TRADEGOODSERV","EXP","PC_GDP","A","2014",76.1517426857157,
"SVN","TRADEGOODSERV","EXP","PC_GDP","A","2015",77.1486775525979,
"SVN","TRADEGOODSERV","EXP","PC_GDP","A","2016",77.5981672180721,
"ZAF","TRADEGOODSERV","EXP","PC_GDP","A","1993",21.8251291913125,
"ZAF","TRADEGOODSERV","EXP","PC_GDP","A","1994",21.4741865212511,
"ZAF","TRADEGOODSERV","EXP","PC_GDP","A","1995",22.1355986308901,
"ZAF","TRADEGOODSERV","EXP","PC_GDP","A","1996",24.0802633424255,
"ZAF","TRADEGOODSERV","EXP","PC_GDP","A","1997",23.987330700296,
"ZAF","TRADEGOODSERV","EXP","PC_GDP","A","1998",25.0050547621111,
"ZAF","TRADEGOODSERV","EXP","PC_GDP","A","1999",24.6952092415361,
"ZAF","TRADEGOODSERV","EXP","PC_GDP","A","2000",27.1588800453122,
"ZAF","TRADEGOODSERV","EXP","PC_GDP","A","2001",29.3748279395571,
"ZAF","TRADEGOODSERV","EXP","PC_GDP","A","2002",31.7808365475061,
"ZAF","TRADEGOODSERV","EXP","PC_GDP","A","2003",26.8850611646399,
"ZAF","TRADEGOODSERV","EXP","PC_GDP","A","2004",25.467096205328,
"ZAF","TRADEGOODSERV","EXP","PC_GDP","A","2005",26.4466641533283,
"ZAF","TRADEGOODSERV","EXP","PC_GDP","A","2006",29.2738936609764,
"ZAF","TRADEGOODSERV","EXP","PC_GDP","A","2007",31.1738505106893,
"ZAF","TRADEGOODSERV","EXP","PC_GDP","A","2008",35.6224380693971,
"ZAF","TRADEGOODSERV","EXP","PC_GDP","A","2009",27.9118881737959,
"ZAF","TRADEGOODSERV","EXP","PC_GDP","A","2010",28.6152333781659,
"ZAF","TRADEGOODSERV","EXP","PC_GDP","A","2011",30.4609405930315,
"ZAF","TRADEGOODSERV","EXP","PC_GDP","A","2012",29.7238793583678,
"ZAF","TRADEGOODSERV","EXP","PC_GDP","A","2013",30.9713411245157,
"ZAF","TRADEGOODSERV","EXP","PC_GDP","A","2014",31.4686452069092,
"ZAF","TRADEGOODSERV","EXP","PC_GDP","A","2015",30.1528808042146,
"ZAF","TRADEGOODSERV","EXP","PC_GDP","A","2016",30.5809114016848,
"EA","TRADEGOODSERV","EXP","PC_GDP","A","1995",27.685894074259,
"EA","TRADEGOODSERV","EXP","PC_GDP","A","1996",28.0687192770317,
"EA","TRADEGOODSERV","EXP","PC_GDP","A","1997",30.3760206139409,
"EA","TRADEGOODSERV","EXP","PC_GDP","A","1998",30.9932727049862,
"EA","TRADEGOODSERV","EXP","PC_GDP","A","1999",31.3281960782566,
"EA","TRADEGOODSERV","EXP","PC_GDP","A","2000",35.0938733669519,
"EA","TRADEGOODSERV","EXP","PC_GDP","A","2001",35.1129837349036,
"EA","TRADEGOODSERV","EXP","PC_GDP","A","2002",34.5165278235793,
"EA","TRADEGOODSERV","EXP","PC_GDP","A","2003",33.5996774116589,
"EA","TRADEGOODSERV","EXP","PC_GDP","A","2004",35.12971805633,
"EA","TRADEGOODSERV","EXP","PC_GDP","A","2005",36.4925728375372,
"EA","TRADEGOODSERV","EXP","PC_GDP","A","2006",38.5226370077124,
"EA","TRADEGOODSERV","EXP","PC_GDP","A","2007",39.6864141616046,
"EA","TRADEGOODSERV","EXP","PC_GDP","A","2008",40.0886439585296,
"EA","TRADEGOODSERV","EXP","PC_GDP","A","2009",35.1681825611679,
"EA","TRADEGOODSERV","EXP","PC_GDP","A","2010",39.1776257927235,
"EA","TRADEGOODSERV","EXP","PC_GDP","A","2011",42.0389867350237,
"EA","TRADEGOODSERV","EXP","PC_GDP","A","2012",43.7230438364621,
"EA","TRADEGOODSERV","EXP","PC_GDP","A","2013",43.9031549303402,
"EA","TRADEGOODSERV","EXP","PC_GDP","A","2014",44.6154994519757,
"EA","TRADEGOODSERV","EXP","PC_GDP","A","2015",46.1127494662231,
"EA","TRADEGOODSERV","EXP","PC_GDP","A","2016",45.583839596876,
"EU","TRADEGOODSERV","EXP","PC_GDP","A","1995",27.8871845701892,
"EU","TRADEGOODSERV","EXP","PC_GDP","A","1996",28.2639982828457,
"EU","TRADEGOODSERV","EXP","PC_GDP","A","1997",30.009687049413,
"EU","TRADEGOODSERV","EXP","PC_GDP","A","1998",30.2667748078966,
"EU","TRADEGOODSERV","EXP","PC_GDP","A","1999",30.5013847125325,
"EU","TRADEGOODSERV","EXP","PC_GDP","A","2000",33.7267228131711,
"EU","TRADEGOODSERV","EXP","PC_GDP","A","2001",33.7420747435197,
"EU","TRADEGOODSERV","EXP","PC_GDP","A","2002",33.1033540721217,
"EU","TRADEGOODSERV","EXP","PC_GDP","A","2003",32.5335538280741,
"EU","TRADEGOODSERV","EXP","PC_GDP","A","2004",33.8276207580744,
"EU","TRADEGOODSERV","EXP","PC_GDP","A","2005",35.2359560458776,
"EU","TRADEGOODSERV","EXP","PC_GDP","A","2006",37.4062463943003,
"EU","TRADEGOODSERV","EXP","PC_GDP","A","2007",38.035754959053,
"EU","TRADEGOODSERV","EXP","PC_GDP","A","2008",39.0044245581906,
"EU","TRADEGOODSERV","EXP","PC_GDP","A","2009",34.9176013892096,
"EU","TRADEGOODSERV","EXP","PC_GDP","A","2010",38.6014969193392,
"EU","TRADEGOODSERV","EXP","PC_GDP","A","2011",41.4308406207502,
"EU","TRADEGOODSERV","EXP","PC_GDP","A","2012",42.5169760262576,
"EU","TRADEGOODSERV","EXP","PC_GDP","A","2013",42.6860484817447,
"EU","TRADEGOODSERV","EXP","PC_GDP","A","2014",42.9678087954983,
"EU","TRADEGOODSERV","EXP","PC_GDP","A","2015",43.7376762746815,
"EU","TRADEGOODSERV","EXP","PC_GDP","A","2016",43.7773735631266,
"BRA","TRADEGOODSERV","EXP","PC_GDP","A","1995",7.52887504341927,
"BRA","TRADEGOODSERV","EXP","PC_GDP","A","1996",6.73020968467024,
"BRA","TRADEGOODSERV","EXP","PC_GDP","A","1997",6.98364957728021,
"BRA","TRADEGOODSERV","EXP","PC_GDP","A","1998",7.03050033463627,
"BRA","TRADEGOODSERV","EXP","PC_GDP","A","1999",9.56489825954518,
"BRA","TRADEGOODSERV","EXP","PC_GDP","A","2000",10.1880478471432,
"BRA","TRADEGOODSERV","EXP","PC_GDP","A","2001",12.3717104430161,
"BRA","TRADEGOODSERV","EXP","PC_GDP","A","2002",14.2305903107489,
"BRA","TRADEGOODSERV","EXP","PC_GDP","A","2003",15.1807834867485,
"BRA","TRADEGOODSERV","EXP","PC_GDP","A","2004",16.5457615956114,
"BRA","TRADEGOODSERV","EXP","PC_GDP","A","2005",15.2438290568013,
"BRA","TRADEGOODSERV","EXP","PC_GDP","A","2006",14.3743166207205,
"BRA","TRADEGOODSERV","EXP","PC_GDP","A","2007",13.3276750274297,
"BRA","TRADEGOODSERV","EXP","PC_GDP","A","2008",13.5340004949953,
"BRA","TRADEGOODSERV","EXP","PC_GDP","A","2009",10.851371233647,
"BRA","TRADEGOODSERV","EXP","PC_GDP","A","2010",10.8655847746965,
"BRA","TRADEGOODSERV","EXP","PC_GDP","A","2011",11.5825126782808,
"BRA","TRADEGOODSERV","EXP","PC_GDP","A","2012",11.8775390673678,
"BRA","TRADEGOODSERV","EXP","PC_GDP","A","2013",11.7422306432624,
"BRA","TRADEGOODSERV","EXP","PC_GDP","A","2014",11.0119428207843,
"BRA","TRADEGOODSERV","EXP","PC_GDP","A","2015",12.9001914177405,
"BRA","TRADEGOODSERV","EXP","PC_GDP","A","2016",12.4709021006972,
"LVA","TRADEGOODSERV","EXP","PC_GDP","A","1995",34.5825447758508,
"LVA","TRADEGOODSERV","EXP","PC_GDP","A","1996",40.4568522926636,
"LVA","TRADEGOODSERV","EXP","PC_GDP","A","1997",39.7392799014314,
"LVA","TRADEGOODSERV","EXP","PC_GDP","A","1998",39.275392926679,
"LVA","TRADEGOODSERV","EXP","PC_GDP","A","1999",35.0673792285084,
"LVA","TRADEGOODSERV","EXP","PC_GDP","A","2000",36.8292876336367,
"LVA","TRADEGOODSERV","EXP","PC_GDP","A","2001",38.0507173487215,
"LVA","TRADEGOODSERV","EXP","PC_GDP","A","2002",36.5849707727574,
"LVA","TRADEGOODSERV","EXP","PC_GDP","A","2003",36.1155612042226,
"LVA","TRADEGOODSERV","EXP","PC_GDP","A","2004",39.0037077059167,
"LVA","TRADEGOODSERV","EXP","PC_GDP","A","2005",43.0816928600085,
"LVA","TRADEGOODSERV","EXP","PC_GDP","A","2006",39.8424537761135,
"LVA","TRADEGOODSERV","EXP","PC_GDP","A","2007",38.3226374832526,
"LVA","TRADEGOODSERV","EXP","PC_GDP","A","2008",39.3651541071739,
"LVA","TRADEGOODSERV","EXP","PC_GDP","A","2009",42.3642092266399,
"LVA","TRADEGOODSERV","EXP","PC_GDP","A","2010",53.4511766997432,
"LVA","TRADEGOODSERV","EXP","PC_GDP","A","2011",57.8830120384475,
"LVA","TRADEGOODSERV","EXP","PC_GDP","A","2012",61.1077704694942,
"LVA","TRADEGOODSERV","EXP","PC_GDP","A","2013",59.9349267408903,
"LVA","TRADEGOODSERV","EXP","PC_GDP","A","2014",61.1653682088227,
"LVA","TRADEGOODSERV","EXP","PC_GDP","A","2015",60.2796096996366,
"LVA","TRADEGOODSERV","EXP","PC_GDP","A","2016",59.6113143510042,
"COL","TRADEGOODSERV","EXP","PC_GDP","A","1993",13.9074098025919,"E"
"COL","TRADEGOODSERV","EXP","PC_GDP","A","1994",12.8525679412884,"E"
"COL","TRADEGOODSERV","EXP","PC_GDP","A","1995",12.7953434303874,"E"
"COL","TRADEGOODSERV","EXP","PC_GDP","A","1996",13.391964152293,"E"
"COL","TRADEGOODSERV","EXP","PC_GDP","A","1997",12.7642891327491,"E"
"COL","TRADEGOODSERV","EXP","PC_GDP","A","1998",12.7069392772729,"E"
"COL","TRADEGOODSERV","EXP","PC_GDP","A","1999",15.3332978982691,"E"
"COL","TRADEGOODSERV","EXP","PC_GDP","A","2000",17.5052446771795,"E"
"COL","TRADEGOODSERV","EXP","PC_GDP","A","2001",16.495376330943,"E"
"COL","TRADEGOODSERV","EXP","PC_GDP","A","2002",15.6461640261764,"E"
"COL","TRADEGOODSERV","EXP","PC_GDP","A","2003",16.9557881653647,"E"
"COL","TRADEGOODSERV","EXP","PC_GDP","A","2004",17.2182260903068,"E"
"COL","TRADEGOODSERV","EXP","PC_GDP","A","2005",16.9710437391629,
"COL","TRADEGOODSERV","EXP","PC_GDP","A","2006",17.7285877506525,
"COL","TRADEGOODSERV","EXP","PC_GDP","A","2007",16.4331421263646,
"COL","TRADEGOODSERV","EXP","PC_GDP","A","2008",18.1095951350739,
"COL","TRADEGOODSERV","EXP","PC_GDP","A","2009",16.4244956875755,
"COL","TRADEGOODSERV","EXP","PC_GDP","A","2010",16.3408447597691,
"COL","TRADEGOODSERV","EXP","PC_GDP","A","2011",19.2765050733171,
"COL","TRADEGOODSERV","EXP","PC_GDP","A","2012",18.8112052836654,
"COL","TRADEGOODSERV","EXP","PC_GDP","A","2013",18.0864397214368,
"COL","TRADEGOODSERV","EXP","PC_GDP","A","2014",16.6347491096509,
"COL","TRADEGOODSERV","EXP","PC_GDP","A","2015",15.6502115094968,
"COL","TRADEGOODSERV","EXP","PC_GDP","A","2016",14.7171392781975,
"CRI","TRADEGOODSERV","EXP","PC_GDP","A","1993",36.2094072145479,
"CRI","TRADEGOODSERV","EXP","PC_GDP","A","1994",36.0709694779858,
"CRI","TRADEGOODSERV","EXP","PC_GDP","A","1995",38.3448775532224,
"CRI","TRADEGOODSERV","EXP","PC_GDP","A","1996",40.2191006164504,
"CRI","TRADEGOODSERV","EXP","PC_GDP","A","1997",41.8163530054579,
"CRI","TRADEGOODSERV","EXP","PC_GDP","A","1998",44.1786636947225,
"CRI","TRADEGOODSERV","EXP","PC_GDP","A","1999",42.7354735389056,
"CRI","TRADEGOODSERV","EXP","PC_GDP","A","2000",43.1144408485758,
"CRI","TRADEGOODSERV","EXP","PC_GDP","A","2001",40.6684620049136,
"CRI","TRADEGOODSERV","EXP","PC_GDP","A","2002",39.4004598280136,
"CRI","TRADEGOODSERV","EXP","PC_GDP","A","2003",40.8508771887026,
"CRI","TRADEGOODSERV","EXP","PC_GDP","A","2004",42.3936220778502,
"CRI","TRADEGOODSERV","EXP","PC_GDP","A","2005",43.6658087334357,
"CRI","TRADEGOODSERV","EXP","PC_GDP","A","2006",43.530231506736,
"CRI","TRADEGOODSERV","EXP","PC_GDP","A","2007",40.7956822295896,
"CRI","TRADEGOODSERV","EXP","PC_GDP","A","2008",39.0458154622857,
"CRI","TRADEGOODSERV","EXP","PC_GDP","A","2009",34.8400724720421,
"CRI","TRADEGOODSERV","EXP","PC_GDP","A","2010",33.1729576879751,
"CRI","TRADEGOODSERV","EXP","PC_GDP","A","2011",32.8565829623005,
"CRI","TRADEGOODSERV","EXP","PC_GDP","A","2012",32.1695688294682,
"CRI","TRADEGOODSERV","EXP","PC_GDP","A","2013",31.3330174067942,
"CRI","TRADEGOODSERV","EXP","PC_GDP","A","2014",32.2550051635707,
"CRI","TRADEGOODSERV","EXP","PC_GDP","A","2015",30.8249404773681,
"CRI","TRADEGOODSERV","EXP","PC_GDP","A","2016",32.0955124688556,
"LTU","TRADEGOODSERV","EXP","PC_GDP","A","1995",37.161808363078,
"LTU","TRADEGOODSERV","EXP","PC_GDP","A","1996",41.9533872313428,
"LTU","TRADEGOODSERV","EXP","PC_GDP","A","1997",44.9740472671283,
"LTU","TRADEGOODSERV","EXP","PC_GDP","A","1998",39.1275963120316,
"LTU","TRADEGOODSERV","EXP","PC_GDP","A","1999",32.418157827587,
"LTU","TRADEGOODSERV","EXP","PC_GDP","A","2000",38.5939332917255,
"LTU","TRADEGOODSERV","EXP","PC_GDP","A","2001",44.0970240123411,
"LTU","TRADEGOODSERV","EXP","PC_GDP","A","2002",47.4037808078238,
"LTU","TRADEGOODSERV","EXP","PC_GDP","A","2003",46.2209851163611,
"LTU","TRADEGOODSERV","EXP","PC_GDP","A","2004",48.7713609014729,
"LTU","TRADEGOODSERV","EXP","PC_GDP","A","2005",55.1296769588696,
"LTU","TRADEGOODSERV","EXP","PC_GDP","A","2006",57.0374556597278,
"LTU","TRADEGOODSERV","EXP","PC_GDP","A","2007",51.6412117367844,
"LTU","TRADEGOODSERV","EXP","PC_GDP","A","2008",57.6213285908849,
"LTU","TRADEGOODSERV","EXP","PC_GDP","A","2009",51.7892998745779,
"LTU","TRADEGOODSERV","EXP","PC_GDP","A","2010",63.9423571431486,
"LTU","TRADEGOODSERV","EXP","PC_GDP","A","2011",72.8810090458509,
"LTU","TRADEGOODSERV","EXP","PC_GDP","A","2012",78.226630309251,
"LTU","TRADEGOODSERV","EXP","PC_GDP","A","2013",78.668573052352,
"LTU","TRADEGOODSERV","EXP","PC_GDP","A","2014",72.2704260409198,
"LTU","TRADEGOODSERV","EXP","PC_GDP","A","2015",68.7776402329522,
"LTU","TRADEGOODSERV","EXP","PC_GDP","A","2016",67.5873824219434,
"OAVG","TRADEGOODSERV","EXP","PC_GDP","A","1995",19.3628600231253,"E"
"OAVG","TRADEGOODSERV","EXP","PC_GDP","A","1996",19.6677424062663,"E"
"OAVG","TRADEGOODSERV","EXP","PC_GDP","A","1997",20.7865384505335,"E"
"OAVG","TRADEGOODSERV","EXP","PC_GDP","A","1998",21.0356739133475,"E"
"OAVG","TRADEGOODSERV","EXP","PC_GDP","A","1999",20.903047417458,"E"
"OAVG","TRADEGOODSERV","EXP","PC_GDP","A","2000",22.7697121329147,"E"
"OAVG","TRADEGOODSERV","EXP","PC_GDP","A","2001",22.3078509545166,"E"
"OAVG","TRADEGOODSERV","EXP","PC_GDP","A","2002",21.7665915824184,"E"
"OAVG","TRADEGOODSERV","EXP","PC_GDP","A","2003",21.4750160041523,"E"
"OAVG","TRADEGOODSERV","EXP","PC_GDP","A","2004",22.697042783929,"E"
"OAVG","TRADEGOODSERV","EXP","PC_GDP","A","2005",23.350333142113,
"OAVG","TRADEGOODSERV","EXP","PC_GDP","A","2006",24.827228523262,
"OAVG","TRADEGOODSERV","EXP","PC_GDP","A","2007",25.7062266311277,
"OAVG","TRADEGOODSERV","EXP","PC_GDP","A","2008",26.8875367003096,
"OAVG","TRADEGOODSERV","EXP","PC_GDP","A","2009",23.8335045537037,
"OAVG","TRADEGOODSERV","EXP","PC_GDP","A","2010",26.1807314118473,"B"
"OAVG","TRADEGOODSERV","EXP","PC_GDP","A","2011",28.1287461721109,
"OAVG","TRADEGOODSERV","EXP","PC_GDP","A","2012",28.5091664921269,
"OAVG","TRADEGOODSERV","EXP","PC_GDP","A","2013",28.543126854548,
"OAVG","TRADEGOODSERV","EXP","PC_GDP","A","2014",28.7086694118699,
"OAVG","TRADEGOODSERV","EXP","PC_GDP","A","2015",28.5162050951109,
"OAVG","TRADEGOODSERV","EXP","PC_GDP","A","2016",28.2930746564397,
